,,G10,,,,,,,,,,Asia,,,,,,,,,,,,Europe/Africa,,,,,,,,,,,Latin America,,,,,,Middle East,,,,,,,
,,USD,EUR,JPY,GBP,CAD,AUD,NZD,CHF,NOK,SEK,CNY,CNH,HKD,INR,IDR,MYR,PHP,SGD,KRW,TWD,THB,VND,BGN,CZK,HUF,ISK,KES,NGN,PLN,RON,RUB,ZAR,TRY,ARS,BRL,CLP,COP,MXN,PEN,BHD,ILS,JOD,KWD,OMR,QAR,SAR,AED
Mo,10/29/2018,1,1.1388,112.23,1.2803,1.3148,0.7052,0.6524,1.0013,8.3913,9.1496,6.9622,6.9734,7.8432,73.445,15223,4.1795,53.56,1.3833,1141.4,30.988,33.177,23351,1.7175,22.7368,285.19,120.74,101.75,363.66,3.8035,4.097,65.8365,14.7006,5.5681,36.909,3.7087,690.34,3186.6,20.0212,3.355,0.376960009,3.704999924,0.708999991,0.303550005,0.38499999,3.641499996,3.750999928,3.673000097
,,,,,,,,,,,,,,,,,,,,,,,,,,,,,,,,,,,,,,,,,,,,,,,,
Fr,10/26/2018,1,1.1403,111.91,1.2828,1.3106,0.709,0.652,0.997,8.3522,9.1331,6.9435,6.9528,7.8407,73.4675,15216,4.1768,53.64,1.38,1141.85,31.001,33.12,23356,1.7152,22.6395,284.5,120.57,101.3,362.93,3.7808,4.0871,65.7129,14.5996,5.5936,36.8308,3.6421,687.73,3181.06,19.3609,3.3485,0.377000004,3.703000069,,,0.38499999,3.641499996,3.752099991,3.673000097
Th,10/25/2018,1,1.1375,112.42,1.2817,1.3074,0.708,0.6524,0.9986,8.3431,9.112,6.9489,6.9566,7.8409,73.2738,15188,4.1695,53.8,1.3811,1138.05,30.991,32.91,23350,1.7194,22.7435,284.84,120.37,101.25,363.85,3.7887,4.0982,65.5925,14.623,5.6349,36.7696,3.705,687.66,3172,19.484,3.34,0.376960009,3.698400021,0.708999991,0.303550005,0.38499999,3.640899897,3.751100063,3.673000097
We,10/24/2018,1,1.1392,112.26,1.2881,1.3057,0.706,0.6529,0.9979,8.3512,9.1251,6.944,6.9442,7.8406,73.155,15197,4.1665,53.725,1.3813,1132.15,30.941,32.878,23345,1.7168,22.7055,284.01,120.39,101.22,362.97,3.7861,4.0895,65.6732,14.5658,5.7027,37.0449,3.7345,688.88,3165.63,19.6078,3.342,0.377039999,3.682699919,0.708999991,0.303449988,0.38499999,3.641000032,3.751600027,3.673000097
Tu,10/23/2018,1,1.1471,112.44,1.2983,1.3085,0.7086,0.6551,0.9949,8.2918,9.025,6.938,6.9385,7.8386,73.5688,15192,4.1642,53.815,1.3789,1137.5,30.978,,23345,1.705,22.48,281.72,118.56,101.13,364.1,3.7448,4.0665,65.5061,14.2575,5.74,36.5993,3.6944,684.25,3119.27,19.2973,3.3355,0.377029985,3.671099901,0.708999991,0.303449988,0.38499999,3.64109993,3.75180006,3.673000097
Mo,10/22/2018,1,1.1464,112.82,1.2963,1.3101,0.7081,0.6558,0.996,8.2571,9.0029,6.9475,6.9372,7.8397,73.5638,15189,4.1605,53.8,1.38,1128.5,30.918,32.772,23347,1.7059,22.5347,281.53,118.1,101.1,363.8,3.743,4.0699,65.2453,14.3204,5.6698,36.4674,3.687,683.06,3085.65,19.406,3.3326,0.377039999,3.66079998,0.708999991,0.303299993,0.38499999,3.640899897,3.752099991,3.673000097
,,,,,,,,,,,,,,,,,,,,,,,,,,,,,,,,,,,,,,,,,,,,,,,,
Fr,10/19/2018,1,1.1514,112.55,1.3076,1.3104,0.7119,0.6594,0.996,8.2196,8.9907,6.929,6.9346,7.8419,73.325,15187,4.1575,53.7,1.3778,1132.1,30.972,32.61,23345,1.6986,22.458,280.69,117.09,101.02,363.1,3.7307,4.0541,65.5106,14.4142,5.6409,36.5385,3.7148,680.63,3077.83,19.2827,3.3315,0.377029985,3.658499956,,,0.38499999,,3.752000093,3.673000097
Th,10/18/2018,1,1.1453,112.21,1.3018,1.3085,0.7099,0.6544,0.9957,8.2781,9.0439,6.9376,6.9395,7.8383,,15194,4.157,53.965,1.3819,1135.25,30.973,32.595,23346,1.7076,22.5935,282.39,117.39,101.06,362.89,3.758,4.0781,65.8235,14.4506,5.6372,36.6041,3.7214,677.18,3092.35,19.1548,3.3345,0.37698999,3.664799929,0.708999991,0.303299993,0.38499999,3.64109993,3.752099991,3.673000097
We,10/17/2018,1,1.1501,112.65,1.3115,1.302,0.7109,0.655,0.9953,8.2128,8.9636,6.9275,6.9304,7.8394,73.61,15150,4.151,53.9,1.3782,1126.6,30.845,32.52,23343,1.7006,22.4715,280.2,118.9,101.02,363.14,3.7299,4.0577,65.4944,14.2473,5.5856,36.2182,3.6876,671.26,3067.1,18.8781,3.3354,0.376969993,3.649100065,0.708999991,0.303000003,0.384990007,3.64109993,3.751600027,3.673000097
Tu,10/16/2018,1,1.1574,112.25,1.3181,1.2934,0.7141,0.6574,0.9907,8.1474,8.9064,6.912,6.9133,7.8362,73.4762,15203,4.1528,53.97,1.375,1127.95,30.916,32.65,23335,1.6898,22.3097,278.08,117.83,100.95,363.64,3.7023,4.0322,65.3214,14.1611,5.6857,35.9155,3.7248,669.35,3052.57,18.7523,3.3335,0.37698999,3.639899969,0.708999991,0.303000003,0.385019988,3.64109993,3.751499891,3.673000097
Mo,10/15/2018,1,1.1579,111.77,1.3152,1.2991,0.713,0.6551,0.9874,8.1532,8.9532,6.9168,6.923,7.8349,73.8213,15220,4.1547,54.09,1.3768,1134.4,30.929,,23335,1.6891,22.2973,278.74,116.1,100.9,363.64,3.7073,4.0279,65.6604,14.368,5.7873,,3.7359,677.5,,18.8435,3.3353,0.377020001,3.648900032,0.708999991,0.30309999,0.385019988,3.641000032,3.752599955,3.673000097
,,,,,,,,,,,,,,,,,,,,,,,,,,,,,,,,,,,,,,,,,,,,,,,,
Fr,10/12/2018,1,1.156,112.21,1.3153,1.3024,0.7114,0.6507,0.9929,8.1739,8.9617,6.922,6.9183,7.835,73.5725,15205,4.154,54.13,1.3782,1131.45,30.884,32.755,23345,1.6919,22.2985,280.41,116.29,100.95,362.89,3.7161,4.0331,66.1323,14.5185,5.8732,36.6852,,679.58,3094.93,18.8599,3.3345,0.377020001,3.629699945,,,0.384990007,3.640700102,3.7506001,3.673000097
Th,10/11/2018,1,1.1593,112.16,1.323,1.3032,0.7124,0.6519,0.9894,8.2151,8.974,6.8899,6.8786,7.8345,74.125,15235,4.1585,54.18,1.3764,1144.55,31.101,32.768,23345,1.687,22.27,280.33,116.22,100.94,363.57,3.7157,4.0241,66.266,14.6332,5.9256,36.6006,3.781,680.55,3087.5,18.9774,3.3285,0.377020001,3.63499999,0.708999991,0.303000003,0.384990007,3.640700102,3.750799894,3.673000097
We,10/10/2018,1,1.152,112.27,1.3196,1.3068,0.7055,0.6449,0.9901,8.2357,9.1372,6.9242,6.9243,7.8371,74.215,15200,4.1515,54.18,1.3835,1133.9,,32.955,23353,1.6977,22.4709,282.82,116.43,,364.2,3.7462,4.0506,66.886,14.7667,6.0759,37.2119,3.7564,685.75,3094,19.1549,3.33,0.37698999,3.630899906,0.708999991,0.303350002,0.384979993,3.640700102,3.750799894,3.673000097
Tu,10/9/2018,1,1.1491,112.96,1.3143,1.2946,0.7103,0.6474,0.9922,8.2681,9.1056,6.9227,6.9166,7.8332,74.3925,15238,4.1585,54.24,1.3829,,30.965,33.025,23356,1.702,22.459,282.44,115.49,100.95,362.86,3.7465,4.0562,66.2825,14.5625,6.1006,37.1295,3.7152,682.3,3060.56,19.0368,3.3263,0.377029985,3.636699915,0.708999991,0.303350002,0.384979993,3.640700102,3.7506001,3.673000097
Mo,10/8/2018,1,1.1492,113.23,1.309,1.2965,0.7078,0.6448,0.9926,8.2764,9.086,6.9307,6.9208,7.8285,74.0712,15218,4.1552,54.2,1.3836,1132.7,30.926,32.985,23353,1.7021,22.4373,283.18,114.68,100.88,363.61,3.7563,4.0626,66.5786,14.8479,6.1113,37.5,3.7792,681.59,3045.63,18.9424,,0.377000004,3.64109993,0.708999991,0.303350002,0.384990007,3.640700102,3.750699997,3.673000097
,,,,,,,,,,,,,,,,,,,,,,,,,,,,,,,,,,,,,,,,,,,,,,,,
Fr,10/5/2018,1,1.1524,113.72,1.312,1.2939,0.7052,0.6443,0.992,8.2593,9.0665,,6.895,7.8354,73.765,15183,4.1497,54.24,1.3825,1130.6,30.835,32.868,23345,1.6978,22.3628,281.62,114.26,100.85,363.61,3.7355,4.0538,66.5966,14.7685,6.133,37.8522,3.8393,677.33,3031.15,18.8246,3.324,0.377029985,3.624000072,,,0.384990007,3.640700102,3.750999928,3.673000097
Th,10/4/2018,1,1.1514,113.91,1.3021,1.2924,0.7076,0.6479,0.9917,8.2488,9.0602,,6.8962,7.8352,73.5825,15179,4.1465,54.33,1.3808,1129.9,30.787,32.625,23346,1.6984,22.3833,281.69,113.6,101,362.87,3.7451,4.0575,67.0152,14.8684,6.1642,38.3483,3.8743,675.35,3034.82,19.1124,3.3285,0.377029985,3.63560009,0.708999991,0.303649992,0.384979993,3.640700102,3.750099897,3.673000097
We,10/3/2018,1,1.1478,114.53,1.294,1.2868,0.7103,0.6514,0.9924,8.2282,9.057,,6.8896,7.8379,73.3425,15075,4.1395,54.19,1.3797,,30.665,32.365,23335,1.7041,22.413,281.33,113.93,101,364.12,3.748,4.0658,65.8764,14.6513,6.0464,37.6774,3.9022,661.03,3015.88,19.0448,3.323,0.377020001,3.631299973,0.708999991,0.303250015,0.384979993,3.640700102,3.750200033,3.673000097
Tu,10/2/2018,1,1.1548,113.65,1.2979,1.2823,0.7188,0.6593,0.9839,8.1738,9.0084,,6.8856,7.8333,,15043,4.1405,54.25,1.3731,1119.3,30.663,32.38,23325,1.6936,22.3365,279.73,112.21,100.97,363.61,3.7198,4.0423,65.4838,14.358,5.9851,38.0696,3.9406,658.55,3016.65,18.7938,3.3135,0.377009988,3.649600029,0.708999991,0.303250015,0.384979993,3.640700102,3.750200033,3.673000097
Mo,10/1/2018,1,1.1578,113.93,1.3042,1.2814,0.7224,0.6616,0.9841,8.1507,8.9458,,6.8879,7.8271,72.9125,14910,4.138,54.11,1.3717,1111.7,30.542,32.235,23311,1.6893,22.257,279.08,111.97,100.9,363.72,3.7006,4.0284,64.9749,14.224,5.9397,39.4798,4.0187,656.65,2996.13,18.7247,3.3081,0.377029985,3.636800051,0.708999991,0.30309999,0.384979993,3.640700102,3.750099897,3.673000097
,,,,,,,,,,,,,,,,,,,,,,,,,,,,,,,,,,,,,,,,,,,,,,,,
Fr,9/28/2018,1,1.1604,113.7,1.3031,1.2908,0.7224,0.6619,0.9817,8.1542,8.8894,6.8688,6.8761,7.828,72.49,14903,4.1383,54.02,1.367,1109.3,30.543,32.342,23315,1.6852,22.2056,278.82,110.72,100.85,362.79,3.6884,4.0078,65.5532,14.1415,6.0559,41.307,4.0493,656.85,2972,18.7183,3.304,0.377079993,3.639499903,,,0.384979993,,3.749700069,3.673000097
Th,9/27/2018,1,1.1641,113.38,1.3079,1.3043,0.7208,0.6618,0.9773,8.1551,8.8568,6.8903,6.8879,7.8156,72.5975,14923,4.139,54.23,1.368,1112.55,30.599,32.405,23345,1.6801,22.064,278.03,110.27,100.83,363.54,3.6684,4.005,65.6105,14.1253,6.0104,39.601,4.0128,660.01,2990,18.7843,3.2994,0.377039999,3.607599974,0.708999991,0.30250001,0.384979993,3.64109993,3.750200033,3.673000097
We,9/26/2018,1,1.1739,112.73,1.3167,1.3019,0.7258,0.6663,0.9661,8.111,8.8106,6.8786,6.8793,7.8127,72.62,14911,4.141,54.325,1.3655,,30.692,32.45,23330,1.6659,21.8393,275.73,109.79,101.05,363.38,3.6398,3.9687,65.823,14.1365,6.11,38.5317,4.0345,663.03,3000,18.8429,3.3029,0.377079993,3.585599899,0.708999991,0.30250001,0.384990007,3.640700102,3.750299931,3.673000097
Tu,9/25/2018,1,1.1767,112.97,1.3184,1.2954,0.725,0.6647,0.965,8.1287,8.8098,6.8675,6.8686,7.8104,72.695,14920,4.1375,54.315,1.366,,30.666,32.43,23345,1.6622,21.7561,275.52,109.53,100.99,363.28,3.6469,3.9588,65.8622,14.3537,6.1616,38.2222,4.076,667.73,3001,18.9922,3.306,0.377079993,3.585299969,0.708999991,0.302599996,0.385899991,3.640700102,3.750400066,3.673000097
Mo,9/24/2018,1,1.1748,112.8,1.312,1.2956,0.7252,0.6645,0.9643,8.1412,8.799,,6.8682,7.8114,72.6362,14866,4.129,54.23,1.3657,,,32.43,23320,1.6646,21.8046,275.45,110.77,100.95,363.55,3.6572,3.964,65.8485,14.3772,6.153,37.3053,4.0901,670.3,2992.25,18.9682,3.298,0.377050012,3.577199936,0.708999991,0.30250001,0.385010004,3.640700102,3.750499964,3.673000097
,,,,,,,,,,,,,,,,,,,,,,,,,,,,,,,,,,,,,,,,,,,,,,,,
Fr,9/21/2018,1,1.1749,112.59,1.3072,1.2916,0.729,0.6687,0.9587,8.1498,8.7942,6.8571,6.8493,7.8115,72.205,14817,4.1305,54.04,1.364,1115.4,30.708,32.38,23335,1.6645,21.795,275.94,110.24,100.8,363.01,3.6649,3.9629,66.4352,14.3212,6.2907,37.2214,4.0489,664.13,3007.66,18.8287,3.2935,0.377079993,3.575500011,,,0.385010004,3.640700102,3.750499964,3.673000097
Th,9/20/2018,1,1.1777,112.49,1.3265,1.2903,0.7292,0.6685,0.959,8.1452,8.7737,6.8467,6.8355,7.8426,,14849,4.1378,54.075,1.3645,1120.45,30.794,32.393,23335,1.6607,21.713,274.71,110.21,100.8,362.51,3.6434,3.9517,66.2615,14.2875,6.2001,38.2076,4.0772,669.32,3014.5,18.8297,3.297,0.377079993,3.57159996,0.708999991,0.302650005,0.385010004,3.640700102,3.7506001,3.673000097
We,9/19/2018,1,1.1673,112.28,1.3144,1.2927,0.7263,0.6616,0.9672,8.1516,8.8736,6.8483,6.8513,7.8446,72.3788,14875,4.1442,53.99,1.369,1120.95,30.785,32.448,23238,1.6753,21.8515,276.77,110.38,100.8,362.44,3.6721,3.9843,66.8195,14.6945,6.2501,39.3088,4.1287,687,3019.1,18.7757,3.3035,0.377079993,3.581700087,0.708999991,0.302650005,0.385010004,3.640700102,3.750499964,3.673000097
Tu,9/18/2018,1,1.1667,112.36,1.3148,1.2974,0.7219,0.6583,0.9645,8.1593,8.9092,6.8615,6.8612,7.8433,72.975,14855,4.1432,54.075,1.3708,1123.3,30.807,32.575,23285,1.6762,21.7987,277.57,109.46,100.8,362.87,3.6762,3.9834,67.3604,14.9056,6.3845,39.7649,4.1635,687,3007.1,18.8055,3.3047,0.377079993,3.580699921,0.708999991,0.302549988,0.38499999,3.640899897,3.7506001,3.673000097
Mo,9/17/2018,1,1.1683,111.85,1.3157,1.3043,0.7182,0.6578,0.9626,8.1733,8.9121,6.857,6.8704,7.8446,72.5088,14880,,54.11,1.372,1126.7,30.803,32.64,23296,1.674,21.7817,277.96,109.05,100.9,362.4,3.6794,3.9754,68.0631,14.917,6.3131,39.5491,4.1343,687,3013.25,18.8397,3.3115,0.377009988,3.58100009,0.708999991,0.3028,0.385010004,3.641000032,3.750699997,3.673000097
,,,,,,,,,,,,,,,,,,,,,,,,,,,,,,,,,,,,,,,,,,,,,,,,
Fr,9/14/2018,1,1.1625,112.06,1.3068,1.3036,0.7153,0.6549,0.9684,8.2571,9.0513,6.8675,6.8745,7.8472,71.855,14807,4.1383,53.97,1.3742,1116.65,30.756,32.568,23245,1.682,21.916,279.4,109.66,,362.35,3.7044,3.9912,68.087,14.9328,6.169,39.7944,4.1741,687.43,3026,18.8888,3.31,0.37718001,3.575799942,,,0.385010004,3.64109993,3.750499964,3.673000097
Th,9/13/2018,1,1.169,111.92,1.3108,1.2998,0.7195,0.6568,0.9654,8.2185,8.9546,6.8448,6.8451,7.8482,,14840,4.1445,54.07,1.3704,1122.5,30.804,32.645,23276,1.673,21.8205,277.19,111.73,101.03,362.3,3.681,3.9696,68.2475,14.7716,6.0821,39.6479,4.207,680.93,3019.7,18.8326,3.3148,0.377110004,3.570800066,,0.302700013,0.385010004,3.64109993,3.750999928,3.673000097
We,9/12/2018,1,1.1626,111.26,1.3045,1.2998,0.7169,0.6564,0.9709,8.2602,8.9804,6.8517,6.8356,7.8485,72.1813,14833,4.147,54.13,1.372,1128.45,30.82,32.795,23283,1.6823,22.0081,279.63,113.46,,362.4,3.7051,3.9873,69.0238,14.9553,6.3447,38.275,4.1617,689.44,3055,19.0181,3.33,0.377099991,3.577199936,0.708999991,0.302899987,0.385010004,3.641000032,3.75090003,3.673000097
Tu,9/11/2018,1,1.1606,111.63,1.3033,1.3067,0.7119,0.6526,0.9723,8.3205,9.0418,6.873,6.8752,7.8493,72.695,,,53.94,1.3754,1125.4,30.809,32.823,23285,1.6853,22.0973,279.7,113.43,100.73,362.53,3.7088,3.9911,69.4148,15.0586,6.4304,37.9526,4.1532,696.66,3088,19.1873,3.3345,0.377249986,3.585500002,,,0.385010004,3.641000032,3.75090003,3.673000097
Mo,9/10/2018,1,1.1594,111.13,1.3026,1.3164,0.7115,0.6526,0.9751,8.3905,9.0684,6.8555,6.8691,7.8497,72.4575,14857,,53.88,1.3789,1128.45,30.82,32.847,23305,1.6865,22.122,280.26,112.9,100.7,362.35,3.7216,3.9913,70.5638,15.1938,6.4643,37.3543,4.0868,696.73,3066,19.2722,3.3335,0.377119988,3.591500044,0.708999991,0.302899987,0.385010004,3.641000032,3.750999928,3.673000097
,,,,,,,,,,,,,,,,,,,,,,,,,,,,,,,,,,,,,,,,,,,,,,,,
Fr,9/7/2018,1,1.1553,110.99,1.292,1.3161,0.7107,0.6534,0.9692,8.4526,9.0583,6.8438,6.8691,7.8498,71.7363,14820,4.146,53.73,1.3786,1122.9,30.772,32.79,23305,1.6927,22.2402,281.26,111.93,100.7,362.44,3.7341,3.9971,69.9188,15.237,6.4089,36.9669,,690.72,3070.93,19.3177,3.323,0.377200007,3.590500116,,,0.385010004,3.64109993,3.75090003,3.673000097
Th,9/6/2018,1,1.1623,110.75,1.293,1.3142,0.72,0.6589,0.9652,8.4219,9.1069,6.8355,6.8448,7.8493,71.9875,14893,4.1445,53.798,1.3751,1123.9,30.796,32.802,23314,1.6829,22.128,280.46,110.82,100.71,362.19,3.7211,3.9915,69.2515,15.3337,6.5826,37.4178,4.0587,689.1,3093.25,19.1835,3.3235,0.377220005,3.585799932,0.708999991,0.302749991,0.385010004,3.64109993,3.75090003,3.673000097
We,9/5/2018,1,1.163,111.53,1.2905,1.3178,0.7193,0.6594,0.9717,8.3963,9.0551,6.83,6.8422,7.8493,71.7625,14938,4.1477,53.563,1.3757,1121.15,30.802,32.833,23315,1.6817,22.132,281.59,109.48,100.72,362.31,3.7227,3.9872,68.2643,15.4234,6.6011,38.4793,4.1461,687.84,3093.78,19.3431,3.3185,0.377099991,3.601200104,0.708999991,0.302899987,0.38499999,3.64109993,3.750999928,3.673000097
Tu,9/4/2018,1,1.1582,111.41,1.2855,1.3189,0.7178,0.6557,0.9745,8.3927,9.087,6.8442,6.8495,7.8491,71.575,14935,4.1388,53.535,1.3762,1114.95,30.758,32.81,23315,1.6887,22.221,283.02,109.65,100.76,362.28,3.7214,3.9995,68.1175,15.3442,6.6712,38.9544,4.1605,693.07,3089.95,19.4036,3.3195,0.377200007,3.617000103,0.708999991,0.3028,0.38499999,3.64109993,3.750799894,3.673000097
Mo,9/3/2018,1,1.1619,111.07,1.287,1.3095,0.7214,0.6601,0.9693,8.3543,9.097,6.8228,6.8351,7.8494,71.22,14815,4.1285,53.47,1.3717,1110.3,30.708,32.732,,1.6832,22.1497,281.29,108.35,100.63,,3.6924,3.9847,68.1188,14.859,6.636,38.4861,4.1582,684.76,3046.15,19.1826,3.3015,0.377249986,3.610800028,0.708999991,0.3028,0.38499999,3.641000032,3.751100063,3.673000097
,,,,,,,,,,,,,,,,,,,,,,,,,,,,,,,,,,,,,,,,,,,,,,,,
Fr,8/31/2018,1,1.1602,111.03,1.296,1.304,0.7189,0.6622,0.9689,8.3836,9.1537,6.8315,6.8459,7.8491,70.9962,14730,,53.475,1.3721,1112.9,30.719,32.73,23299,1.6856,22.21,281.53,107.71,,362.58,3.7002,3.9985,67.5427,14.6887,6.5396,36.8815,4.054,682.74,3053.5,19.085,3.2878,0.377249986,3.597800016,,,0.385010004,3.641499996,3.750499964,3.672899961
Th,8/30/2018,1,1.1671,110.98,1.3009,1.2983,0.7263,0.6657,0.9691,8.3385,9.1187,6.8445,6.8677,7.8491,70.735,14690,4.109,53.43,1.3676,1108.65,30.693,32.708,23302,1.6759,22.079,280.08,107.42,100.7,362.38,3.6848,3.9825,68.2398,14.7247,6.6542,38.5327,4.1492,678.28,3025,19.1117,3.3061,0.377149999,3.61500001,0.708999991,0.302599996,0.385010004,3.641499996,3.750499964,3.672899961
We,8/29/2018,1,1.1707,111.68,1.3026,1.2907,0.7311,0.6716,0.9705,8.3316,9.1372,6.8212,6.8218,7.8487,70.5925,14645,4.1065,53.46,1.3652,1110.25,30.7,32.71,23295,1.6705,21.9785,278.22,106.77,,362.6,3.6645,3.9559,67.9488,14.3566,6.4687,33.968,4.1063,666.17,3000,18.9527,3.2932,0.377249986,3.6098001,0.708999991,0.302700013,0.38499999,3.641000032,3.7506001,3.673000097
Tu,8/28/2018,1,1.1695,111.19,1.2873,1.2932,0.7338,0.6709,0.9763,8.3427,9.1373,6.8031,6.8009,7.8497,70.105,14627,4.0968,53.308,1.364,1109.95,30.721,32.552,23293,1.6723,21.9825,277,106.58,100.7,362.9,3.6531,3.9697,67.8761,14.2273,6.2753,31.4707,4.1375,662.54,2965,19.0823,3.2935,0.377249986,3.624700069,0.708999991,0.302700013,0.38499999,3.641000032,3.7506001,3.673000097
Mo,8/27/2018,1,1.1678,111.08,1.2892,1.2967,0.7351,0.6695,0.9799,8.3241,9.0951,6.8156,6.7936,7.8499,70.16,14625,4.1005,,1.3623,1113.9,30.77,32.59,23295,1.6748,22.0254,277.34,106.76,100.78,362,3.6562,3.9777,67.5365,14.1637,6.1237,30.9522,4.0814,658.02,2933.85,18.7653,3.2885,0.377249986,3.629600048,0.708999991,0.302850008,0.38499999,3.641000032,3.7506001,3.673000097
,,,,,,,,,,,,,,,,,,,,,,,,,,,,,,,,,,,,,,,,,,,,,,,,
Fr,8/24/2018,1,1.1622,111.24,1.2846,1.3026,0.7329,0.667,0.9835,8.3282,9.1288,6.8105,6.8057,7.8499,69.9088,14640,4.1075,53.465,1.3656,1119,30.779,32.75,23305,1.6829,22.159,278.4,107.54,100.75,362.16,3.683,3.9907,67.0884,14.2484,6.0058,30.8851,4.104,660.75,2954.1,18.9111,3.2955,0.377200007,3.624200106,,,0.38499999,,3.750699997,3.673000097
Th,8/23/2018,1,1.154,111.29,1.2811,1.3082,0.7248,0.6637,0.9862,8.3893,9.1366,6.8778,6.8939,7.8498,70.115,14630,4.1048,53.49,1.3734,1121.4,30.784,32.8,23275,1.6946,22.3149,281.2,108.06,,362.29,3.7171,4.0162,68.1933,14.4054,6.1235,30.4539,4.1135,667.95,2985.69,19.0093,3.3039,0.377149999,3.647599936,,,0.38499999,,3.750699997,3.672899961
We,8/22/2018,1,1.1597,110.56,1.2911,1.2997,0.7348,0.6697,0.9831,8.341,9.0653,6.8418,6.8475,7.8495,,,,53.438,1.3664,1119,30.728,32.752,23275,1.6865,22.1829,278.35,107.82,100.65,362.28,3.6827,4.0069,68.0284,14.1626,6.0512,30.2405,4.0433,663.03,2965.64,18.7269,3.285,0.377149999,3.632600069,,,0.38499999,,3.7506001,3.672499895
Tu,8/21/2018,1,1.1571,110.31,1.2901,1.3037,0.7368,0.6679,0.9855,8.4048,9.0961,6.8472,6.8285,7.8494,69.825,14580,4.0968,,1.3657,1118.6,30.726,32.715,23265,1.6903,22.2477,279.48,107.7,,,3.7092,4.0127,67.2745,14.3938,6.0758,29.9989,4.0483,663.52,2990.96,18.9558,3.294,0.377149999,3.638999939,,,0.385019988,,3.7506001,3.672499895
Mo,8/20/2018,1,1.1482,110.07,1.2798,1.3047,0.734,0.6641,0.9916,8.4457,9.1542,6.8577,6.8353,7.8497,69.825,14590,4.1012,53.39,1.3692,1123.2,30.757,33.052,23276,1.7034,22.4175,282.1,108.57,100.85,362.62,3.7521,4.0483,67.1155,14.5272,6.0814,,3.9701,668.89,,19.0094,3.3092,0.377149999,3.655900002,,,0.385019988,,3.7506001,3.672499895
,,,,,,,,,,,,,,,,,,,,,,,,,,,,,,,,,,,,,,,,,,,,,,,,
Fr,8/17/2018,1,1.1438,110.5,1.2749,1.3061,0.7313,0.6637,0.9958,8.4539,9.1533,6.8775,6.8368,7.8496,,,4.106,53.405,1.3713,1124.95,30.799,33.257,23303,1.7097,22.4637,282.32,107.63,100.85,362.17,3.753,4.0692,67.0426,14.6382,6.0177,29.8675,3.9104,670.26,3020,18.8906,3.3116,0.377149999,3.664400101,,,0.385030001,,3.7506001,3.673000097
Th,8/16/2018,1,1.1377,110.9,1.2716,1.3156,0.7261,0.6587,0.9969,8.4774,9.1921,6.8853,6.8628,7.8498,70.1575,14615,4.1055,53.44,1.3752,1130,30.848,33.292,23315,1.7192,22.6247,284.58,108.19,,362.33,3.7856,4.0934,66.8254,14.7367,5.8341,29.7019,3.9069,665.93,3024.25,18.9836,3.3135,0.377149999,3.673599958,0.708999991,0.303449988,0.385030001,3.641000032,3.7506001,3.672699928
We,8/15/2018,1,1.1345,110.74,1.2697,1.3141,0.7239,0.6565,0.9936,8.4545,9.205,6.9348,6.9471,7.8499,,14600,4.104,53.475,1.3802,,30.857,33.335,23313,1.724,22.7145,285.98,109.44,100.74,360.79,3.8098,4.1117,67.2937,14.5657,5.9466,29.8748,3.9047,664.42,3052.1,19.1385,3.3175,0.377149999,3.68479991,0.708999991,0.303649992,0.38499999,3.641000032,3.7506001,3.672800064
Tu,8/14/2018,1,1.1344,111.15,1.2723,1.3058,0.7243,0.6572,0.9942,8.416,9.1395,6.8842,6.8996,7.85,69.8963,14581,4.096,53.415,1.3779,1128.1,30.808,33.27,23315,1.7241,22.6543,284.68,109.42,100.75,362.21,3.7911,4.1038,66.3376,14.2481,6.3502,29.7141,3.8671,665.03,3002.65,18.8827,3.2998,0.377149999,3.683000088,0.708999991,0.30340001,0.385010004,3.641000032,3.750499964,3.673000097
Mo,8/13/2018,1,1.141,110.7,1.2771,1.3134,0.727,0.6579,0.9934,8.3627,9.116,6.8912,6.899,7.8498,69.9337,14595,4.0935,53.37,1.3757,1134.05,30.809,,23315,1.7142,22.584,283.34,108.82,100.8,362.09,3.7758,4.083,67.8151,14.4194,6.8838,29.9326,3.8836,661.33,3003.44,19.1203,3.2873,0.377730012,3.694400072,0.708999991,0.30340001,0.385010004,3.641000032,3.750299931,3.673000097
,,,,,,,,,,,,,,,,,,,,,,,,,,,,,,,,,,,,,,,,,,,,,,,,
Fr,8/10/2018,1,1.1413,110.83,1.2758,1.314,0.7302,0.659,0.9952,8.3611,9.1228,6.8463,6.8692,7.8499,68.835,14475,4.086,53.135,1.3734,1128.9,30.707,33.263,23275,1.7139,22.4705,282.99,109.16,100.53,361.73,3.7656,4.0802,67.696,14.0934,6.4323,29.2203,3.8618,654.93,2940.75,18.91,3.2806,0.377400011,3.717200041,,,0.385010004,,3.749900103,3.673000097
Th,8/9/2018,1,1.1527,111.08,1.2824,1.3051,0.7373,0.6613,0.9936,8.319,9.0078,6.821,6.846,7.8499,68.6825,14410,4.0745,53.09,1.3677,1117.1,30.624,33.175,23280,1.6968,22.1985,278.38,107.56,100.43,362.1,3.7104,4.0379,66.6768,13.7077,5.5506,28.0971,3.8005,647.66,2915.51,18.693,3.2705,0.377220005,3.690299988,0.708999991,0.302850008,0.385010004,3.641000032,3.750299931,3.673000097
We,8/8/2018,1,1.161,110.98,1.2882,1.3023,0.7431,0.6747,0.9933,8.2176,8.9523,6.8355,6.8252,7.8492,68.6288,14435,4.0745,53.08,1.363,1119.95,30.613,33.21,23285,1.6846,22.0485,275.21,107.27,,362.6,3.6721,3.9968,65.5508,13.409,5.2789,27.631,3.772,645.46,2909,18.4687,3.2692,0.377649993,3.678600073,0.708999991,0.302850008,0.385010004,3.641000032,3.750400066,3.673000097
Tu,8/7/2018,1,1.1599,111.38,1.2939,1.3053,0.7421,0.6736,0.9956,8.205,8.9167,6.8313,6.8206,7.8497,68.685,14440,4.0763,53,1.3644,1123.8,30.617,33.228,23303,1.6862,22.0662,275.92,106.76,100.43,362,3.6722,4.0036,63.4935,13.3329,5.2287,27.3979,3.7523,642.55,,18.457,3.267,0.377750009,3.680700064,0.708999991,0.302949995,0.38499999,3.641299963,3.750299931,3.673000097
Mo,8/6/2018,1,1.1554,111.4,1.2944,1.3004,0.7387,0.6733,0.9972,8.2544,8.939,6.8535,6.8656,7.8492,68.89,14480,4.08,52.855,1.3681,1123.95,30.625,33.323,23308,1.6928,22.1952,276.91,,100.46,362.29,3.6864,4.0172,63.7469,13.4415,5.3304,27.3363,3.7364,646.76,2901.21,18.5261,3.2703,0.378280014,3.702199936,0.709999979,0.302949995,0.38499999,3.641000032,3.750299931,3.673000097
,,,,,,,,,,,,,,,,,,,,,,,,,,,,,,,,,,,,,,,,,,,,,,,,
Fr,8/3/2018,1,1.1568,111.25,1.3001,1.2991,0.7404,0.6744,0.9941,8.2572,8.9299,6.827,6.8461,7.849,68.61,14495,4.0813,53.15,1.3659,1127.7,30.701,33.345,23305,1.6909,22.1445,276.82,106.77,100.3,362.29,3.685,3.9929,63.3337,13.323,5.0818,27.2985,3.7074,642.8,2889.83,18.562,3.2686,0.377950013,3.695499897,,,0.385010004,,3.750400066,3.673000097
Th,8/2/2018,1,1.1585,111.66,1.3017,1.3023,0.736,0.6753,0.9952,8.2422,8.8936,6.8428,6.8813,7.8497,68.71,14475,4.0765,53.095,1.3687,1126.1,30.679,33.31,23281,1.6882,22.1577,277.26,106.46,100.4,362.29,3.6898,3.9891,63.376,13.449,5.0689,27.447,3.7496,644.68,2903.61,18.6415,3.2734,0.377880007,3.690399885,0.708999991,0.302700013,0.385010004,3.641000032,3.750299931,3.673000097
We,8/1/2018,1,1.166,111.73,1.3127,1.3004,0.7404,0.6791,0.9921,8.1795,8.8068,6.823,6.8243,7.8485,68.4312,14440,4.0665,53.08,1.3618,1120.65,30.611,33.132,23290,1.6774,21.946,275.13,106.31,,361.58,3.6554,3.9618,63.0408,13.2207,4.9946,27.513,3.7503,641.45,2894.23,18.5877,3.2705,0.377880007,3.6723001,0.708999991,0.302700013,0.385010004,3.641000032,3.750299931,3.673000097
Tu,7/31/2018,1,1.1691,111.86,1.3124,1.3006,0.7424,0.6818,0.9903,8.1589,8.7918,6.8168,6.8053,7.8491,68.5475,14420,4.0652,53.097,1.3615,1118.7,30.611,33.272,23283,1.673,21.8776,274.36,105.44,100.45,361.85,3.6577,3.9538,62.5221,13.275,4.914,27.4302,3.7574,636.66,2888.66,18.6469,3.2717,0.378450006,3.670799971,0.708999991,0.30250001,0.385010004,3.641000032,3.750299931,3.673000097
Mo,7/30/2018,1,1.1706,111.04,1.3133,1.3036,0.7407,0.6823,0.9882,8.135,8.7519,6.8155,6.8266,7.8485,68.68,14410,4.0595,53.222,1.361,1120.4,30.602,,23258,1.6709,21.8618,274.88,104.81,,361.05,3.6486,3.9514,62.2555,13.1554,4.8818,27.259,3.7297,638.41,2868.72,18.5378,3.2704,0.377880007,3.663800001,0.708999991,0.302650005,0.385019988,3.641499996,3.750400066,3.673000097
,,,,,,,,,,,,,,,,,,,,,,,,,,,,,,,,,,,,,,,,,,,,,,,,
Fr,7/27/2018,1,1.1657,111.05,1.3105,1.3055,0.74,0.679,0.9945,8.1892,8.8406,6.8133,6.8178,7.8475,68.6625,14418,4.0625,53.294,1.3616,1118.15,30.587,,23208,1.6779,21.9877,276.45,105.33,,362.25,3.676,3.9679,62.7982,13.1723,4.8517,27.3282,3.7121,642.91,2886.02,18.6299,3.2733,0.377999991,3.656800032,,,0.38499999,,3.750400066,3.673000097
Th,7/26/2018,1,1.1643,111.23,1.3109,1.3074,0.7377,0.6784,0.9942,8.1895,8.8124,6.7927,6.8264,7.8479,68.665,14460,4.061,53.442,1.3637,1119.45,30.564,33.292,23180,1.6797,22.0263,278.22,105.37,100.46,361.56,3.6822,3.9816,62.9475,13.2437,4.8648,27.4067,3.7471,647.25,2879.77,18.6257,3.2733,0.377799988,3.650700092,0.708999991,0.302540004,0.38499999,3.641499996,3.750299931,3.673000097
We,7/25/2018,1,1.1729,110.98,1.3189,1.3046,0.7455,0.6837,0.9919,8.1351,8.757,6.7697,6.7607,7.8455,68.7863,14460,4.0555,53.37,1.3584,1126.35,30.624,33.287,23185,1.6675,21.853,277.6,105.18,100.5,361.8,3.664,3.941,62.8262,13.109,4.7732,27.378,3.6906,649.29,2881.6,18.6667,,0.377880007,3.643199921,0.708999991,0.302619994,0.38499999,3.641400099,3.750299931,3.673000097
Tu,7/24/2018,1,1.1687,111.2,1.3145,1.3155,0.7423,0.6802,0.9936,8.1779,8.8161,6.7927,6.8109,7.8468,68.9475,14530,4.066,53.435,1.3634,1135.15,30.714,33.415,23238,1.6738,21.9827,279.04,106.3,100.55,361.8,3.6816,3.963,63.3142,13.283,4.8852,27.4881,3.7488,654.57,2893.73,18.8831,,0.377799988,3.649399996,0.708999991,0.302569985,0.38499999,3.641000032,3.750299931,3.673000097
Mo,7/23/2018,1,1.1692,111.35,1.3101,1.3172,0.7381,0.6786,0.9922,8.1952,8.8605,6.7986,6.8055,7.8483,68.8625,14497,4.062,53.485,1.3653,1131.35,30.642,33.443,23213,1.6728,22.081,279.11,106.49,100.65,361.8,3.6999,3.9742,63.0676,13.4603,4.7414,27.612,3.783,663.51,2904.75,18.8805,,0.37834999,3.645499945,0.708999991,0.302590013,0.38499999,3.641000032,3.750299931,3.673000097
,,,,,,,,,,,,,,,,,,,,,,,,,,,,,,,,,,,,,,,,,,,,,,,,
Fr,7/20/2018,1,1.1724,111.41,1.3136,1.3145,0.7415,0.6809,0.9923,8.1785,8.852,6.7697,6.7809,7.8499,68.8488,14480,4.062,53.51,1.3631,1133.75,30.711,33.412,23045,1.6687,22.077,277.72,106.42,,361.26,3.6832,3.9697,63.534,13.4043,4.793,27.5666,3.768,659.61,,19.0234,3.2755,0.378500015,3.629100084,,0.302879989,0.38499999,,3.750299931,3.673000097
Th,7/19/2018,1,1.1642,112.47,1.3014,1.3273,0.7361,0.6743,0.9987,8.2349,8.914,6.7751,6.7915,7.8496,69.0525,14475,4.064,53.54,1.3708,1133.2,30.628,,23053,1.6798,22.2633,280.45,107.06,100.82,361.01,3.7249,3.9973,63.6602,13.5379,4.8088,27.7564,3.8313,662.55,2884,19.0514,3.2745,0.378500015,3.645299911,0.708999991,0.303140014,0.38499999,3.641299963,3.750299931,3.673000097
We,7/18/2018,1,1.1639,112.86,1.3069,1.317,0.7398,0.6794,0.999,8.1702,8.8657,6.7189,6.7456,7.8497,68.6225,14405,4.0588,53.5,1.3652,1132.35,30.578,33.353,23055,1.6802,22.1995,278.42,106.85,100.68,361.48,3.701,3.9993,62.9826,13.2677,4.7956,27.6084,3.8492,653.33,2863.46,18.8951,3.2695,0.378609985,3.637300014,0.708999991,0.303009987,0.384950012,3.641000032,3.750299931,3.673000097
Tu,7/17/2018,1,1.1661,112.88,1.3115,1.3191,0.7389,0.6783,1.0001,8.1528,8.8406,6.7065,6.722,7.8489,68.4612,14370,4.0462,53.39,1.3648,1124.1,30.505,33.252,23055,1.6772,22.173,277.62,106.65,100.4,361.78,3.685,3.9885,62.5945,13.2702,4.8044,27.5295,3.8386,653.43,2867.75,18.8892,3.2725,0.37895,3.633699894,0.708999991,0.302879989,0.384900004,3.641400099,3.750299931,3.673000097
Mo,7/16/2018,1,1.1711,112.29,1.3235,1.3136,0.7419,0.6777,0.9968,8.1013,8.8227,6.6911,6.7033,7.8489,68.5687,14375,4.044,53.53,1.3621,1129.1,30.577,33.283,23055,1.6702,22.079,275.89,106.75,100.5,361.56,3.6732,3.9767,62.3125,13.2225,4.8462,27.344,3.8604,650.33,2868.81,18.82,3.266,0.37913999,3.626600027,0.708999991,0.302689999,0.384900004,3.641000032,3.750299931,3.673000097
,,,,,,,,,,,,,,,,,,,,,,,,,,,,,,,,,,,,,,,,,,,,,,,,
Fr,7/13/2018,1,1.1685,112.38,1.3222,1.316,0.7424,0.6753,1.0017,8.1155,8.8796,6.6916,6.7113,7.8486,68.53,14385,4.051,53.51,1.3658,1123.45,30.553,33.338,23047,1.6737,22.1558,276.26,107.32,100.8,361.47,3.6926,3.9825,62.5634,13.2723,4.8387,27.243,3.8518,650.72,2862,18.8913,3.2715,0.379049987,3.641599894,,0.302920014,0.384950012,3.641400099,3.750299931,3.673000097
Th,7/12/2018,1,1.1672,112.55,1.3206,1.3154,0.7408,0.6782,1.0024,8.112,8.8736,6.6678,6.6934,7.8488,68.5712,14390,4.041,53.51,1.3632,1125.95,30.531,33.268,23046,1.6758,22.2053,278.2,107.28,100.79,361.97,3.7044,3.9909,62.2731,13.3023,4.856,27.2126,3.8809,647.53,2871.73,18.9801,3.2725,0.379350007,3.641700029,0.708999991,0.299030006,0.384970009,3.641400099,3.750299931,3.673000097
We,7/11/2018,1,1.1674,112.01,1.3205,1.3209,0.7366,0.6759,0.9959,8.11,8.8231,6.6826,6.7234,7.8491,68.7725,14385,4.037,53.505,1.3642,1120.05,30.472,33.295,23045,1.6754,22.2205,278.76,106.97,100.85,361.22,3.7186,3.9906,62.369,13.5472,4.8757,27.3839,3.8763,653.16,2893.15,19.082,3.2795,0.379500002,3.649300098,0.708999991,0.298370004,0.384990007,3.641000032,3.750299931,3.673000097
Tu,7/10/2018,1,1.1744,111,1.3276,1.3113,0.7459,0.6838,0.9919,8.0169,8.7406,6.634,6.6506,7.8484,68.8213,14364,4.022,53.47,1.3571,1116.3,30.397,33.175,23040,1.6653,22.0193,275.79,106.92,,361.46,3.6775,3.9656,61.7421,13.3318,4.7069,27.3551,3.8147,646.91,2868.14,18.9288,3.273,0.379500002,3.632100105,0.708999991,0.298449993,0.384990007,3.641000032,3.750299931,3.673000097
Mo,7/9/2018,1,1.1751,110.85,1.326,1.3107,0.7467,0.6837,0.9915,8.0245,8.7262,6.616,6.6233,7.8484,68.72,14325,4.028,53.4,1.3567,1112.2,30.381,33.143,23040,1.6645,22.0005,275.34,106.81,100.72,362.04,3.6723,3.9646,62.4906,13.4111,4.7333,,3.8725,651.93,2883.09,19.1888,3.277,0.379500002,3.630399942,0.708999991,0.302399993,0.38499999,3.641000032,3.750299931,3.673000097
,,,,,,,,,,,,,,,,,,,,,,,,,,,,,,,,,,,,,,,,,,,,,,,,
Fr,7/6/2018,1,1.1746,110.47,1.3283,1.3084,0.743,0.6828,0.9893,8.0304,8.7242,6.6427,6.6638,7.8479,68.8788,14370,4.04,53.42,1.358,1116,30.493,33.17,23035,1.6655,22.0559,275.1,106.85,100.75,362.12,3.7183,3.9685,62.9655,13.4719,4.574,27.9307,3.8629,656.78,2871.39,19.0413,3.2855,0.379999995,3.623800039,,0.302430004,0.38499999,,3.750299931,3.673000097
Th,7/5/2018,1,1.1691,110.64,1.3222,1.3132,0.7387,0.6785,0.9931,8.0613,8.7666,6.637,6.6583,7.8472,68.945,14385,4.043,53.43,1.3649,1118.5,30.534,33.232,23045,1.6729,22.1962,276.68,106.71,100.75,361.64,3.7228,3.9878,63.1275,13.5365,4.5921,28.0793,3.932,656.45,2874.18,19.2121,3.2873,0.379999995,3.640399933,0.708999991,0.302579999,0.38499999,3.641799927,3.750299931,3.673000097
We,7/4/2018,1,1.1657,110.49,1.323,1.3143,0.7386,0.6762,0.993,8.1107,8.7891,6.6325,6.6433,7.8433,68.7437,14352,4.0465,53.36,1.3651,1114.55,30.496,33.147,23035,1.6779,22.336,279.18,107.21,100.7,361.11,3.76,3.9995,63.2265,13.6816,4.6677,28.0719,3.9137,652.34,2906.26,19.4575,3.2914,0.379500002,3.654000044,0.708999991,0.302689999,0.38499999,3.641700029,3.750299931,3.673000097
Tu,7/3/2018,1,1.1658,110.59,1.3193,1.3139,0.7386,0.6756,0.9925,8.1318,8.8377,6.6425,6.6659,7.845,68.5737,14380,4.0498,53.366,1.3648,1118.7,30.585,33.188,23028,1.6776,22.4031,280.75,107.27,100.85,361.36,3.7698,3.9968,63.131,13.6756,4.6719,27.9543,3.8974,649.85,2901.89,19.4627,3.287,0.380499989,3.651400089,0.708999991,0.302650005,0.38499999,3.641700029,3.750299931,3.673000097
Mo,7/2/2018,1,1.1639,110.9,1.3143,1.3186,0.734,0.6716,0.9936,8.1729,8.9652,6.668,6.6877,7.8442,68.7988,14384,4.0392,53.43,1.3692,1120.1,30.517,33.14,22970,1.6804,22.4151,283.6,107.38,100.87,361.23,3.7799,4.0058,63.4245,13.8313,4.6163,28.2887,3.9113,,,19.9598,3.2875,0.380499989,3.670200109,0.708999991,0.3028,0.384990007,3.641599894,3.750299931,3.673000097
,,,,,,,,,,,,,,,,,,,,,,,,,,,,,,,,,,,,,,,,,,,,,,,,
Fr,6/29/2018,1,1.1684,110.76,1.3207,1.3133,0.7405,0.6768,0.9906,8.1474,8.9428,6.621,6.6357,7.8466,68.47,14330,4.0385,53.325,1.3624,1114.6,30.494,33.123,,1.6739,22.2365,281.79,105.51,101.01,361.24,3.7425,3.9905,62.7416,13.725,4.5929,28.9261,3.8765,654.35,2930.5,19.9078,,0.378749996,3.655699968,,0.302689999,0.384979993,,3.750499964,3.673000097
Th,6/28/2018,1,1.1569,110.49,1.3078,1.3249,0.7352,0.6759,0.9975,8.1881,9.0191,6.627,6.6361,7.8479,68.7925,14390,4.0425,53.53,1.3677,1124,30.58,33.125,22938,1.6906,22.4237,283.89,107.25,101.09,361.24,3.7717,4.0283,62.8215,13.7705,4.5847,28.0942,3.8605,649.92,2946.42,19.7174,3.2765,0.378199995,3.656599998,0.708999991,0.302830011,0.384979993,3.641299963,3.750299931,3.673000097
We,6/27/2018,1,1.1554,110.26,1.3113,1.3342,0.734,0.6791,0.9973,8.1931,8.9772,6.6083,6.618,7.8479,68.6338,,4.03,53.485,1.3675,1117.6,30.453,33.013,22937,1.6928,22.4578,283.55,107.18,101.05,361.73,3.767,4.0276,63.2315,13.8585,4.6231,27.4386,3.8624,645.63,2935.07,20.1787,3.2735,0.378619999,3.641900063,0.708999991,0.302729994,0.38499999,3.641299963,3.750299931,3.673000097
Tu,6/26/2018,1,1.1648,110.06,1.3225,1.3308,0.7394,0.6862,0.9912,8.1295,8.8821,6.5793,6.582,7.8491,68.2513,14178,4.0225,53.47,1.3631,1114.75,30.409,32.997,22923,1.6791,22.2412,279.98,107.07,100.85,361.3,3.7219,4.0018,63.0305,13.5386,4.6148,27.0856,3.8019,640.88,2922.77,19.9549,3.2675,0.381500006,3.640399933,0.708999991,0.302430004,0.38499999,3.641400099,3.750299931,3.673000097
Mo,6/25/2018,1,1.1704,109.77,1.3281,1.3297,0.7414,0.6903,0.9873,8.102,8.8459,6.541,6.5415,7.847,68.125,14155,4.0177,53.45,1.3621,1117.15,30.392,32.965,22889,1.6711,22.1352,278.29,107.93,100.85,361.21,3.7113,3.9877,62.767,13.5432,4.6818,27.0888,3.7745,639.96,2929.12,19.892,3.27,0.380820006,3.620100021,0.708999991,0.30241999,0.384990007,3.641000032,3.750299931,3.673000097
,,,,,,,,,,,,,,,,,,,,,,,,,,,,,,,,,,,,,,,,,,,,,,,,
Fr,6/22/2018,1,1.1651,109.97,1.3261,1.3269,0.744,0.6908,0.9881,8.0949,8.857,6.5052,6.5087,7.8463,67.8325,14082,4.0022,53.29,1.3586,1107.55,30.303,32.92,22890,1.6779,22.1403,278.75,108.51,100.82,361.3,3.7088,3.9988,62.88,13.4373,4.6771,27.0282,3.7856,636.71,2914.28,20.0118,3.2696,0.378989995,3.606800079,,0.302439988,0.38499999,,3.750299931,3.673000097
Th,6/21/2018,1,1.1604,109.99,1.324,1.3315,0.7379,0.6869,0.9923,8.1272,8.8937,6.4932,6.5001,7.8461,67.9812,14100,4.0157,53.46,1.3583,1112.45,30.292,32.978,22865,1.6857,22.2933,281.23,109.17,100.9,361.21,3.7294,4.0247,63.7035,13.5825,4.72,27.5058,3.7694,640.24,2944.19,20.3102,3.2745,0.377900004,3.622400045,0.708999991,0.30261001,0.38499999,3.641700029,3.750299931,3.673000097
We,6/20/2018,1,1.1572,110.36,1.3172,1.331,0.7368,0.6878,0.9962,8.18,8.8842,6.4738,6.4811,7.8465,68.0762,,4.0055,53.463,1.3587,1105.2,30.15,32.783,22864,1.6899,22.3286,279.91,109.07,101.14,361.06,3.7309,4.037,63.6796,13.6555,4.7325,,3.7721,638.78,2923.31,20.3593,3.2784,0.377799988,3.621200085,0.708999991,0.302760005,0.384499997,3.641400099,3.750299931,3.673000097
Tu,6/19/2018,1,1.159,110.06,1.3174,1.3286,0.7381,0.6901,0.995,8.1887,8.8941,6.4853,6.4772,7.8493,68.385,,4.0025,53.46,1.357,1109.1,30.184,32.815,22835,1.6876,22.2995,278.26,107.81,101.18,361.1,3.7218,4.0295,63.8569,13.7509,4.7407,27.7658,3.7469,639.6,2920.03,20.5261,3.284,0.377880007,3.630700111,0.708999991,0.302760005,0.38499999,3.641299963,3.750299931,3.673000097
Mo,6/18/2018,1,1.1623,110.55,1.3245,1.3202,0.7423,0.6942,0.9952,8.1267,8.8161,,6.4547,7.8497,67.9888,,3.9978,53.49,1.3514,1104.9,,32.655,22828,1.6827,22.1855,278.56,109.01,101.14,361.1,3.7024,4.0162,63.4661,13.6441,4.7046,27.618,3.747,637.13,2920.63,20.5216,3.2773,0.37786001,3.640799999,,0.302599996,0.384979993,3.641299963,3.750299931,3.673000097
,,,,,,,,,,,,,,,,,,,,,,,,,,,,,,,,,,,,,,,,,,,,,,,,
Fr,6/15/2018,1,1.161,110.66,1.3278,1.3184,0.7442,0.6949,0.9976,8.1466,8.7858,6.4387,6.4367,7.8493,68.0175,,,,1.351,1097.75,29.987,32.412,22815,1.6845,22.1571,277.87,107.69,,,3.6884,4.0177,63.1801,13.4307,4.7305,28.2608,3.7295,633.85,2890.75,20.6268,3.2811,0.377799988,3.627399921,,0.302659988,0.384979993,,3.750099897,3.673000097
Th,6/14/2018,1,1.1568,110.63,1.3262,1.3105,0.7478,0.6977,0.997,8.1369,8.7434,6.4017,6.4174,7.8492,67.6313,,3.9848,53.275,1.3449,1083.05,29.936,32.135,22810,1.6907,22.2726,279.21,106.35,101.15,361.1,3.7024,4.0327,62.6185,13.4548,4.7266,27.9837,3.8066,635.85,2860.01,20.8799,3.2815,0.377799988,3.61439991,0.708999991,0.302410007,0.384979993,3.641299963,3.750200033,3.673000097
We,6/13/2018,1,1.1791,110.34,1.3376,1.2987,0.7578,0.7024,0.9855,8.0103,8.6071,6.3979,6.3889,7.8483,67.6438,,3.9938,53.232,1.3354,,29.886,32.16,22805,1.6587,21.7875,271.88,106.52,101.18,360.98,3.6275,3.9573,62.5121,13.3081,4.6471,26.2561,3.7216,632.41,2855.08,20.6421,3.2733,0.377799988,3.595000029,0.708999991,0.302159995,0.384979993,3.641400099,3.750200033,3.673000097
Tu,6/12/2018,1,1.1745,110.37,1.3372,1.3015,0.7573,0.7007,0.9868,8.0524,8.6455,6.4028,6.4054,7.8471,67.4913,,3.9903,,1.3368,1077.2,29.85,32.073,22811,1.6653,21.8719,272.19,106.46,101.1,361.16,3.6448,3.9692,,13.3325,4.5969,25.7552,3.7193,636.78,2858.52,20.716,3.2714,0.377799988,3.590500116,0.708999991,0.297670007,0.384979993,3.641000032,3.750099897,3.673000097
Mo,6/11/2018,1,1.1784,110.03,1.3379,1.2978,0.7609,0.7026,0.9854,8.0436,8.662,6.4018,6.3982,7.8466,67.4275,,3.9875,52.925,1.3349,1075.15,29.814,32.06,22803,1.6596,21.765,272.46,105.83,101.07,360.88,3.6203,3.9566,62.8233,13.1633,4.5232,26.0436,3.7114,632.2,,20.5943,3.2652,0.377799988,3.572799921,0.708999991,0.302060008,0.384979993,3.641400099,3.750099897,3.673000097
,,,,,,,,,,,,,,,,,,,,,,,,,,,,,,,,,,,,,,,,,,,,,,,,
Fr,6/8/2018,1,1.1769,109.55,1.3405,1.2928,0.7601,0.7034,0.9857,8.0411,8.7153,6.4067,6.3993,7.8458,67.5075,13930,3.9885,52.695,1.336,1075.85,29.809,32.06,22788,1.6618,21.8842,271.87,105.92,101.05,,3.6354,3.9582,62.3256,13.0677,4.4732,25.3402,3.7091,630.9,2855.38,20.29,3.2613,0.377799988,3.572099924,,0.302069992,0.384990007,3.641299963,3.750200033,3.673000097
Th,6/7/2018,1,1.18,109.7,1.3423,1.2972,0.7624,0.7028,0.9805,8.0564,8.7001,6.3921,6.3896,7.8463,67.1362,13870,3.977,52.49,1.3338,1069.1,29.736,31.943,22800,1.6576,21.8505,270.06,105.39,100.9,361.5,3.6246,3.9471,62.4142,12.9759,4.4842,24.985,3.9043,631.82,2845.45,20.4747,3.2634,0.377799988,3.570300102,0.708999991,0.301840007,0.384990007,3.641000032,3.750200033,3.673000097
We,6/6/2018,1,1.1774,110.18,1.3413,1.2944,0.7667,0.7033,0.9865,8.0805,8.7332,6.3884,6.3776,7.8473,66.9238,13853,3.9743,52.39,1.3325,,29.73,31.91,22808,1.6611,21.8005,270.03,105.37,100.91,,3.6237,3.9536,61.7911,12.7101,4.5557,24.9025,3.8513,628.85,2829,20.3013,3.2625,0.377799988,3.573600054,0.708999991,0.302040011,0.384990007,3.641700029,3.750200033,3.673000097
Tu,6/5/2018,1,1.1718,109.79,1.3393,1.297,0.7616,0.7023,0.9844,8.1117,8.7502,6.4061,6.3967,7.8474,67.15,13879,3.973,52.4,1.3347,1070.85,29.811,31.945,22821,1.6691,21.8712,271.96,105.82,100.88,361.13,3.6535,3.9696,62.1486,12.7696,4.5993,24.956,3.8091,632.28,2866.4,20.4619,3.2684,0.377799988,3.566299915,0.708999991,0.302210003,0.384990007,3.641000032,3.750200033,3.673000097
Mo,6/4/2018,1,1.1699,109.82,1.3313,1.2931,0.7648,0.7029,0.9877,8.1198,8.7574,6.408,6.4055,7.8457,67.1125,13872,3.9718,52.58,1.3366,1071.95,29.814,31.965,22799,1.6718,21.9791,272.51,105.61,100.93,,3.653,3.9808,62.0658,12.5672,4.5911,24.9686,3.7453,631.16,,20.0713,3.2685,0.377799988,3.566400051,0.708999991,0.302240014,0.384990007,3.641299963,3.750299931,3.673000097
,,,,,,,,,,,,,,,,,,,,,,,,,,,,,,,,,,,,,,,,,,,,,,,,
Fr,6/1/2018,1,1.1659,109.54,1.3346,1.2951,0.7569,0.6982,0.9882,8.192,8.8217,6.4204,6.4131,7.8456,67.0625,,3.979,52.55,1.3396,1075,29.86,32.007,22789,1.6774,22.127,274.48,104.56,,361.62,3.6916,3.9982,62.2032,12.6883,4.6485,24.9781,3.7661,631.1,2864.8,19.9395,3.2729,0.377750009,3.553100109,,0.302430004,0.384990007,,3.750299931,3.673000097
Th,5/31/2018,1,1.1693,108.82,1.3298,1.2958,0.7568,0.7001,0.9858,8.1798,8.8136,6.4106,6.4094,7.8431,67.3963,13894,3.9798,52.54,1.3376,1077.78,29.962,31.995,22804,1.6726,22.0851,273.4,104.65,,361.81,3.6915,3.9865,62.3985,12.6993,4.5267,24.9714,,632.01,2889.53,19.9117,3.2715,0.377799988,3.564800024,0.708999991,0.302289993,0.384990007,3.640899897,3.750299931,3.673000097
We,5/30/2018,1,1.1665,108.91,1.3286,1.2873,0.7575,0.6988,0.9891,8.1809,8.8103,6.419,6.4006,7.8477,67.4362,13990,3.989,52.61,1.3392,1080.9,30.049,32.09,22844,1.6769,22.1532,274.06,105.36,101.6,362.31,3.6898,3.9858,62.0781,12.5218,4.4651,24.9276,3.7239,627.92,2874.79,19.7267,3.2704,0.377799988,3.571899891,0.708999991,0.302359998,0.384990007,3.64109993,3.750299931,3.673000097
Tu,5/29/2018,1,1.154,108.77,1.3249,1.3018,0.7505,0.6903,0.9913,8.2843,8.9615,6.4176,6.4239,7.8457,67.8725,,,52.64,1.3457,1076.75,29.985,,22820,1.6948,22.465,278.02,106.42,101.43,361.39,3.7562,4.025,62.8289,12.695,4.5473,24.8689,3.7256,629.91,2902.87,19.8377,3.2765,0.377799988,3.596299887,0.708999991,0.30241999,0.38499999,3.641299963,3.750299931,3.673000097
Mo,5/28/2018,1,1.1625,109.42,1.3311,1.2993,0.7546,0.6942,0.9936,8.1961,8.824,6.3993,6.397,7.8452,67.4288,13995,3.9825,52.5,1.3428,1074,29.931,31.987,22810,1.6825,22.1305,274.14,105.78,101.3,,3.7024,3.9899,62.3128,12.4652,4.5837,24.7066,3.7348,624.59,2879,19.5942,3.276,0.377649993,3.574199915,0.708999991,0.302249998,0.38499999,3.641000032,3.750299931,3.673000097
,,,,,,,,,,,,,,,,,,,,,,,,,,,,,,,,,,,,,,,,,,,,,,,,
Fr,5/25/2018,1,1.1651,109.41,1.3309,1.2973,0.7548,0.6917,0.991,8.1736,8.7683,6.3917,6.3886,7.8461,67.7713,14120,3.9813,52.71,1.342,1077.9,29.948,31.917,22755,1.6789,22.0791,274.32,106.14,101.13,361.88,3.7022,3.9723,62.3004,12.5018,4.7156,,3.6534,623.66,2887.71,19.5435,3.2687,0.377600014,3.56159997,,0.302370012,0.38499999,,3.750299931,3.673000097
Th,5/24/2018,1,1.172,109.26,1.338,1.2882,0.7576,0.6927,0.9916,8.0993,8.7609,6.3784,6.3764,7.8475,68.345,14135,3.9797,52.55,1.3392,1079.65,29.921,32.037,22772,1.6688,22.0013,272.42,105.56,101.05,362,3.6777,3.9494,61.6077,12.4226,4.7082,24.5881,3.6469,625.88,2858,19.5742,3.2665,0.377600014,3.564599991,0.708999991,0.302130014,0.38499999,3.641000032,3.750299931,3.673000097
We,5/23/2018,1,1.1697,110.08,1.3347,1.2833,0.756,0.6917,0.9957,8.0967,8.7607,6.3886,6.378,7.8494,68.4238,14207,3.9825,52.45,1.3433,1080.55,29.958,32.132,22770,1.6721,22.0508,272.27,105.9,100.9,362.13,3.6782,3.9558,61.3408,12.4548,4.5761,24.4824,3.6284,624.14,2875.54,19.6319,3.265,0.377700001,3.569700003,0.708999991,0.302269995,0.38499999,3.641000032,3.750299931,3.673000097
Tu,5/22/2018,1,1.1779,110.9,1.3432,1.2819,0.7576,0.6934,0.9928,8.0607,8.6822,6.3675,6.3516,7.8499,68.0462,14138,3.9675,52.243,1.3391,,29.909,32.048,22770,1.6604,21.7992,269.95,104.91,100.63,361.26,3.6367,3.9284,61.2229,12.5717,4.6692,24.2877,3.6481,624.86,2853.5,19.7731,3.2716,0.377550006,3.562299967,0.708999991,0.302130014,0.38499999,3.641000032,3.750400066,3.673000097
Mo,5/21/2018,1,1.1791,111.05,1.3427,1.2789,0.7582,0.6946,0.9973,8.0499,8.6724,6.3835,6.358,7.8485,68.1237,14185,3.9795,52.472,1.3401,1085.45,29.988,32.23,22761,1.6588,21.7848,269.54,,100.6,361.63,3.641,3.921,61.6062,12.6747,4.576,24.3811,3.6778,,2876.48,19.819,3.2835,0.377579987,3.5776999,0.708999991,0.302269995,0.38499999,3.640899897,3.750400066,3.673000097
,,,,,,,,,,,,,,,,,,,,,,,,,,,,,,,,,,,,,,,,,,,,,,,,
Fr,5/18/2018,1,1.1772,110.78,1.3469,1.2885,0.7511,0.6907,0.998,8.1207,8.7537,6.38,6.3648,7.8499,68.0088,14153,3.9722,52.35,1.3434,1077.6,29.91,32.193,22775,1.6616,21.7824,270.28,104.81,100.47,361.26,3.6504,3.9348,62.2818,12.7643,4.4919,24.4216,3.7377,636.76,2923.93,19.9527,3.2876,0.377059996,3.595000029,,0.30219999,0.38499999,3.640899897,3.750400066,3.673000097
Th,5/17/2018,1,1.1795,110.77,1.3516,1.2808,0.7511,0.6878,1.0015,8.1203,8.7339,6.3672,6.3577,7.8498,67.6975,14052,3.9695,52.28,1.3422,1081.2,29.901,32.075,22770,1.6582,21.6935,269.02,104.29,100.4,361.3,3.6426,3.9301,62.1675,12.607,4.4606,24.3154,3.6968,632.32,2904.5,19.74,3.2745,0.377059996,3.592999935,0.708999991,0.302100003,0.38499999,3.641000032,3.750299931,3.673000097
We,5/16/2018,1,1.1808,110.4,1.3486,1.279,0.7516,0.6896,1.0012,8.0789,8.705,6.3715,6.3506,7.8499,67.795,14093,3.9683,52.29,1.3398,1077.8,29.883,32.135,22748,1.6564,21.6125,267.68,104.54,100.43,361.43,3.6189,3.9248,61.7172,12.436,4.4145,24.2748,3.6761,630.23,2856.42,19.5726,3.2635,0.377499998,3.589699984,0.708999991,0.301919997,0.38499999,3.641000032,3.750299931,3.673000097
Tu,5/15/2018,1,1.1838,110.35,1.3502,1.2877,0.7472,0.6862,1.0013,8.123,8.6854,6.3775,6.3669,7.8499,68.1075,14037,3.9562,52.3,1.3446,1073.7,29.85,31.927,22771,1.6521,21.5985,267.52,103.51,100.38,361.43,3.6291,3.9164,62.3188,12.575,4.4465,24.0553,3.6549,632.05,2873.57,19.6955,3.2766,0.377059996,3.600699902,0.708999991,0.301910013,0.385019988,3.641000032,3.750299931,3.673000097
Mo,5/14/2018,1,1.1927,109.66,1.3556,1.2813,0.7526,0.6913,1.0006,8.0337,8.6427,6.3393,6.3369,7.8498,67.515,13970,3.9505,,1.3359,1067.9,29.736,31.813,22768,1.6399,21.3755,264.43,102.39,100.22,360.52,3.5796,3.878,61.8514,12.33,4.367,24.9844,3.6237,624.83,,19.6232,3.2568,0.377059996,3.594099998,0.708999991,0.305500001,0.385019988,3.641200066,3.750299931,3.673000097
,,,,,,,,,,,,,,,,,,,,,,,,,,,,,,,,,,,,,,,,,,,,,,,,
Fr,5/11/2018,1,1.1943,109.39,1.3542,1.2795,0.7543,0.6969,0.9998,8.0028,8.6016,6.334,6.3334,7.8497,67.3325,13958,,52.19,1.3365,1069.4,29.769,31.853,22769,1.6377,21.3417,264.04,102.26,100.45,360.9,3.5723,3.881,61.9515,12.2576,4.3157,23.2052,3.6003,619.78,2836.13,19.4248,3.2565,0.377059996,3.576999903,,0.307999998,0.38499999,3.641400099,3.750200033,3.673000097
Th,5/10/2018,1,1.1915,109.4,1.3519,1.2767,0.7532,0.6962,1.0036,8.0036,8.651,6.3492,6.3298,7.8498,67.3188,,,51.92,1.3379,1073.05,29.866,32.057,22769,1.6414,21.3825,263.73,102.9,100.52,360.15,3.564,3.8936,61.6962,12.301,4.2328,22.7005,3.5499,624.29,2822.08,19.2229,3.2676,0.377059996,3.565099955,0.708999991,0.307000011,0.38499999,3.641000032,3.750299931,3.673000097
We,5/9/2018,1,1.1851,109.74,1.3547,1.2854,0.7463,0.6987,1.005,8.0771,8.7044,6.3623,6.3646,7.8499,67.275,14085,,52.02,1.3459,1080.95,29.926,32.105,22768,1.6504,21.58,266.08,103.28,,360.17,3.5975,3.92,,12.5573,4.288,22.6935,3.5924,633.27,2860.82,19.5681,3.2947,0.377090007,3.581500053,0.708999991,0.306699991,0.38499999,3.64109993,3.750400066,3.673000097
Tu,5/8/2018,1,1.1864,109.13,1.3547,1.295,0.7455,0.6971,1.0017,8.1413,8.8185,6.3707,6.3662,7.8496,67.0813,14052,3.9497,51.85,1.34,1076.5,29.781,31.913,22770,1.6486,21.5553,265.52,103.02,100.35,360.87,3.6081,3.9203,63.2148,12.57,4.3327,22.48,3.5617,634.76,2864.7,19.5746,3.2882,0.377059996,3.613300085,0.708999991,0.305999994,0.38499999,3.641000032,3.750299931,3.673000097
Mo,5/7/2018,1,1.1922,109.09,1.3557,1.2881,0.7517,0.7017,1.0027,8.0708,8.8359,6.3667,6.3598,7.8499,67.1413,13999,3.9447,51.9,1.3355,,29.76,31.847,22768,1.6353,21.4065,263.85,102.14,100.28,361.41,3.5742,3.9055,62.9221,12.5421,4.2681,21.9458,3.551,629.46,2828.52,19.4642,3.2786,0.377059996,3.60619998,0.708999991,0.301299989,0.38499999,3.641299963,3.750299931,3.673000097
,,,,,,,,,,,,,,,,,,,,,,,,,,,,,,,,,,,,,,,,,,,,,,,,
Fr,5/4/2018,1,1.196,109.12,1.3531,1.2846,0.7539,0.702,1,8.0621,8.8066,6.3627,6.3564,7.8494,66.87,13940,3.9395,51.67,1.3341,1077.15,29.713,31.763,22763,1.6356,21.31,262.51,101.85,100.25,360.83,3.552,3.8965,62.5205,12.4991,4.2309,21.8642,3.5293,621.71,2844.84,19.2714,3.2705,0.377059996,3.618799925,,0.301299989,,3.64109993,3.750299931,3.673000097
Th,5/3/2018,1,1.1988,109.19,1.3575,1.2847,0.7532,0.7042,0.9975,8.0472,8.8109,6.3537,6.3442,7.8493,66.6438,13938,3.933,51.7,1.3308,1076.25,29.737,31.647,22753,1.6314,21.2675,261.85,102.1,100.18,360.52,3.5587,3.8918,63.0234,12.5863,4.2137,22.376,3.5272,619.65,2857.83,19.0605,3.2724,0.377059996,3.618200064,0.708999991,0.301299989,0.384499997,3.641000032,3.750299931,3.673000097
We,5/2/2018,1,1.1951,109.84,1.3576,1.2884,0.7493,0.6995,0.9988,8.1219,8.9166,6.3625,6.3747,7.8499,66.6625,13948,3.9345,51.865,1.3364,1076.1,29.755,31.722,22755,1.6366,21.431,263.26,102.13,100.35,360.09,3.5715,3.9017,64.0092,12.7067,4.1775,21.1865,3.5504,619.05,2829.74,19.0827,3.269,0.377059996,3.62590003,,0.301389992,0.384499997,3.641000032,3.750299931,3.673000097
Tu,5/1/2018,1,1.1993,109.86,1.3614,1.2849,0.749,0.7005,0.9966,8.0898,8.8588,,6.3382,7.8493,,,,,1.3336,,,,,1.6309,21.4118,261.83,101.85,,,3.5653,3.8849,,12.6528,4.1041,,,613.25,,18.9508,,0.377059996,3.608799934,,0.301079988,0.384499997,3.641000032,3.750299931,3.673000097
Mo,4/30/2018,1,1.2078,109.34,1.3763,1.2843,0.753,0.7035,0.9909,8.0156,8.7492,,6.3157,7.8483,,13913,3.9235,51.76,1.3259,1068.15,29.604,31.54,,1.6193,21.19,259.61,101.21,100.39,,3.5086,3.859,62.9713,12.4608,4.0621,,3.5072,613.66,2799.51,18.7141,3.2525,0.377059996,3.599400043,0.708999991,0.300900012,0.38499999,3.641000032,3.750200033,3.673000097
,,,,,,,,,,,,,,,,,,,,,,,,,,,,,,,,,,,,,,,,,,,,,,,,
Fr,4/27/2018,1,1.213,109.05,1.3781,1.2828,0.7581,0.7085,0.9877,7.9619,8.6588,6.3323,6.3185,7.8475,66.6613,13892,3.9195,51.98,1.3236,1076.65,29.628,31.59,22760,1.6126,20.9988,257.88,101.26,100.3,360.04,3.4685,3.8439,62.1564,12.3294,4.0426,20.5387,3.4574,607.84,2804.66,18.6129,3.2365,0.377059996,3.587300062,,0.301019996,0.38499999,,3.750200033,3.673000097
Th,4/26/2018,1,1.2103,109.3,1.3919,1.287,0.7554,0.7062,0.9891,7.9941,8.6642,6.3365,6.3268,7.8459,66.755,13888,3.9177,52.168,1.3274,1080.9,29.714,31.55,22768,1.6159,21.041,258.55,101.39,100.3,359.86,3.4932,3.8491,62.7193,12.3981,4.066,20.5551,3.4756,602.98,2816.37,18.8124,3.2364,0.377059996,3.588200092,0.708999991,0.300650001,0.38499999,3.641299963,3.750200033,3.673000097
We,4/25/2018,1,1.2161,109.43,1.3932,1.2844,0.7565,0.7069,0.9833,7.9729,8.565,6.3266,6.3223,7.8462,66.895,13920,3.9115,52.327,1.3289,1080.6,29.655,31.548,,1.6083,20.9355,257.47,101.02,100.1,359.87,3.4762,3.8208,62.4137,12.4399,4.0816,20.2565,3.4852,604.16,2810.84,18.8474,3.2359,0.377059996,3.589699984,0.708999991,0.300700009,0.38499999,3.641000032,3.750200033,3.673000097
Tu,4/24/2018,1,1.2233,108.82,1.3978,1.2833,0.7604,0.712,0.9789,7.9026,8.5077,6.3065,6.2967,7.8461,66.3875,13888,3.905,52.295,1.3221,1076.85,29.611,31.428,22769,1.5989,20.8,255.51,100.63,100.05,360.08,3.4389,3.8035,61.5967,12.3262,4.0861,20.2593,3.4734,598.67,2783.31,18.8188,3.231,0.377059996,3.565000057,0.708999991,0.300550014,0.38499999,3.641000032,3.750200033,3.673000097
Mo,4/23/2018,1,1.2209,108.71,1.394,1.2849,0.7605,0.7148,0.9782,7.8873,8.5194,6.317,6.3075,7.8421,66.48,13895,3.8977,52.25,1.3254,1068.9,29.531,31.505,22770,1.6019,20.8155,255.89,100.9,99.97,360.04,3.4413,3.8152,61.8355,12.35,4.1083,20.2593,3.4526,602.79,2814.05,18.9429,3.2346,0.377059996,3.546099901,0.708999991,0.300330013,0.38499999,3.641000032,3.750299931,3.673000097
,,,,,,,,,,,,,,,,,,,,,,,,,,,,,,,,,,,,,,,,,,,,,,,,
Fr,4/20/2018,1,1.2288,107.66,1.4,1.2761,0.7672,0.7207,0.9746,7.8234,8.4461,6.2964,6.2795,7.8437,66.1075,13878,3.8977,52.081,1.3163,1067.15,29.407,31.325,22775,1.5915,20.6376,252.96,100.32,100.09,360,3.3952,3.7907,61.397,12.1075,4.0762,20.1984,3.413,596.01,2758.7,18.5298,3.2205,0.377059996,3.529999971,,0.300099999,,,3.750400066,3.673000097
Th,4/19/2018,1,1.2345,107.37,1.4087,1.2672,0.773,0.7272,0.9713,7.7918,8.4043,6.2791,6.2773,7.8481,65.795,13781,3.891,52.1,1.3116,1061.5,29.337,31.222,22778,1.5842,20.5231,251.29,99.92,100.29,360,3.3757,3.7731,60.876,11.9604,4.0413,20.1654,3.3844,595.53,2731.7,18.4471,3.2194,0.377059996,3.518699884,0.708999991,0.299899995,0.384499997,3.641000032,3.750400066,3.673000097
We,4/18/2018,1,1.2374,107.23,1.4203,1.263,0.7784,0.7319,0.9687,7.7621,8.4051,6.2744,6.271,7.8499,65.6625,13775,3.8895,52.075,1.3099,1068.6,29.363,31.24,22773,1.5806,20.4541,250.82,99.56,100.25,359.83,3.367,3.76,60.834,11.9317,4.0084,20.1317,3.3804,594.59,2710.19,18.0847,3.2173,0.377059996,3.514699936,0.708999991,0.299780011,0.38499999,3.641299963,3.750299931,3.673000097
Tu,4/17/2018,1,1.237,107,1.4288,1.2551,0.7766,0.7342,0.9663,7.7615,8.4033,6.2825,6.282,7.8498,65.645,13766,3.89,52.05,1.3114,1067.1,29.358,31.215,22739,1.5811,20.437,251,99.65,100.46,360.02,3.3657,3.7548,61.5397,11.9864,4.0977,20.1788,3.408,596.38,2723.89,18.0488,3.2199,0.377059996,3.513700008,0.708999991,0.299780011,0.385010004,3.641000032,3.750299931,3.673000097
Mo,4/16/2018,1,1.238,107.12,1.4339,1.2567,0.7781,0.7363,0.96,7.7755,8.4168,6.2765,6.2665,7.8499,65.4925,13775,3.8877,52.09,1.3102,1073.95,29.414,,22780,1.5798,20.405,250.53,98.93,100.68,360.02,3.3547,3.7478,61.1385,12.0525,4.097,20.2182,3.4195,596.45,2725.2,18.0115,3.2225,0.377059996,3.527499914,0.708999991,0.299789995,0.385010004,3.641000032,3.750299931,3.673000097
,,,,,,,,,,,,,,,,,,,,,,,,,,,,,,,,,,,,,,,,,,,,,,,,
Fr,4/13/2018,1,1.2331,107.35,1.4238,1.2608,0.7764,0.7365,0.9622,7.7756,8.474,6.275,6.2723,7.8499,65.2112,13753,3.8798,51.935,1.3121,1069.6,29.297,,22775,1.586,20.5173,251.99,99.03,100.87,359.75,3.3799,3.7793,62.027,12.073,4.0973,20.2162,3.4229,594.48,2708.18,18.0447,,0.377059996,3.522200108,,0.29975,0.385010004,3.641400099,3.750200033,3.673000097
Th,4/12/2018,1,1.2327,107.33,1.4228,1.2587,0.7754,0.7376,0.9624,7.7716,8.4075,6.2915,6.2778,7.8499,65.2563,13770,3.8765,52.018,1.3126,1069.55,29.26,31.195,,1.5867,20.5311,252.53,98.72,,359.75,3.3897,3.7788,61.9858,12.061,4.11,20.2087,3.413,596.81,2704.78,18.1886,3.2256,0.377050012,3.513499975,0.708999991,0.300020009,0.385010004,3.641000032,3.750099897,3.673000097
We,4/11/2018,1,1.2367,106.79,1.4177,1.2581,0.7755,0.736,0.9577,7.7747,8.3253,6.269,6.2737,7.8498,65.3087,13759,3.8745,51.95,1.3086,1066.4,29.198,31.162,22788,1.5814,20.4838,251.72,98.37,101,360,3.3842,3.7695,62.6023,11.9421,4.136,20.165,3.3747,597.91,2716.88,18.2292,3.2337,0.377059996,3.512300014,0.708999991,0.299899995,0.385010004,3.641000032,3.750400066,3.673000097
Tu,4/10/2018,1,1.2356,107.2,1.4176,1.2602,0.7761,0.7362,0.9569,7.7951,8.3063,6.2832,6.277,7.8496,64.9925,13751,3.869,51.995,1.3092,1066.5,29.188,31.215,,1.5829,20.4805,251.98,98.49,101,359.88,3.3891,3.7697,63.0443,12.0364,4.1124,20.1574,3.4089,601.04,2767.75,18.2702,3.2396,0.377059996,3.502000093,0.708999991,0.299899995,0.385010004,3.641000032,3.750299931,3.673000097
Mo,4/9/2018,1,1.2321,106.77,1.4131,1.2697,0.7697,0.7306,0.9562,7.7856,8.358,6.307,6.3038,7.8492,65.0275,13762,3.871,,1.3117,1067.15,29.202,31.28,22798,1.5875,20.5715,252.75,98.49,101,360,3.4039,3.7851,60.6548,12.0967,4.0725,20.1911,3.422,603.8,2777.41,18.351,3.2378,0.377059996,3.522200108,0.708999991,0.299980015,0.38499999,3.641400099,3.750299931,3.673000097
,,,,,,,,,,,,,,,,,,,,,,,,,,,,,,,,,,,,,,,,,,,,,,,,
Fr,4/6/2018,1,1.2281,106.93,1.4092,1.2782,0.7684,0.7263,0.9591,7.8307,8.3915,,6.3122,7.8484,64.9762,13775,3.8716,52.077,1.3158,1069.7,,,22810,1.5925,20.6536,254.13,98.83,100.95,360.02,3.4182,3.7951,58.1652,12.0329,4.0455,20.1845,3.3682,605.05,2792.92,18.2896,3.2383,0.377059996,3.532399893,,0.300150007,0.38499999,3.641400099,3.750299931,3.673000097
Th,4/5/2018,1,1.224,107.39,1.4003,1.275,0.7684,0.7277,0.9635,7.8312,8.4185,,6.2921,7.8489,64.9625,13767,3.8663,52.12,1.3162,1060,,31.213,22809,1.5979,20.6914,254.21,99.33,101.1,360.02,3.4266,3.8094,57.7038,11.9788,4.0516,20.1945,3.3452,603.43,2790.57,18.2042,3.2265,0.377059996,3.532799959,0.708999991,0.300150007,0.38499999,3.641400099,3.750200033,3.673000097
We,4/4/2018,1,1.2278,106.78,1.4079,1.277,0.7716,0.7305,0.9608,7.8245,8.4027,6.3033,6.2867,7.849,65.1463,13767,3.8693,52.12,1.3122,1059.7,,31.24,22822,1.5929,20.6264,253.52,98.85,101.1,360.02,3.4211,3.7986,57.4441,11.8827,3.9992,20.1782,3.3298,603.49,2793.5,18.0993,3.225,0.377059996,3.536499977,0.708999991,0.299899995,0.38499999,3.641499996,3.750299931,3.673000097
Tu,4/3/2018,1,1.227,106.61,1.4057,1.2807,0.7685,0.7256,0.9589,7.838,8.3964,6.2899,6.2734,7.8485,65.0112,13763,3.8658,52.03,1.3116,1054.6,29.145,31.195,22803,1.594,20.637,254.24,99.1,100.9,359.5,3.4195,3.7966,57.5708,11.8213,3.9885,20.1749,3.3407,603.51,2778.65,18.2184,3.224,0.377079993,3.527100086,0.708999991,0.299930006,0.38499999,3.641400099,3.750200033,3.673000097
Mo,4/2/2018,1,1.2302,105.89,1.4044,1.2913,0.7663,0.7213,0.9551,7.8886,8.3914,6.2804,6.2692,7.8486,,13753,3.862,52.01,1.3124,1056.6,29.139,31.165,22816,1.5898,20.632,254.12,,,,3.4237,3.7882,57.4956,11.8486,3.9725,,3.3112,605.35,2792.54,18.2458,3.2275,0.377079993,3.522200108,0.708999991,0.29975,0.38499999,3.641400099,3.750200033,3.672899961
,,,,,,,,,,,,,,,,,,,,,,,,,,,,,,,,,,,,,,,,,,,,,,,,
Fr,3/30/2018,1,1.2324,106.28,1.4015,1.29,0.7679,0.7237,0.954,7.8413,8.3418,6.2753,6.2635,7.8488,,,3.8635,,1.3115,1063.55,29.116,31.188,22794,1.5871,20.5625,253.55,98.64,101.25,,3.4166,3.7778,57.1305,11.8408,3.9553,,,603.9,,18.1812,,0.377090007,3.492799997,,0.299620003,0.384979993,,3.75,3.672899961
Th,3/29/2018,1,1.23,106.43,1.4018,1.2884,0.7678,0.7234,0.9564,7.8416,8.3612,6.2898,6.2716,7.8485,,13768,3.8692,,1.3111,1065.95,29.161,31.257,22813,1.59,20.6449,253.92,98.88,101.07,360,3.4219,3.7878,57.2614,11.8388,3.9425,,3.3063,604.73,,18.1869,,0.377039999,3.507400036,0.708999991,0.299800009,0.384979993,3.641000032,3.750099897,3.673000097
We,3/28/2018,1,1.2308,106.85,1.4077,1.2923,0.7662,0.7212,0.9567,7.8638,8.3517,6.298,6.2857,7.8475,65.1775,13765,3.8647,52.17,1.312,1070.7,29.156,31.252,22825,1.5891,20.6845,253.84,98.39,101.25,360,3.4149,3.7801,57.7359,11.7771,4.0101,20.1402,3.3216,604.28,2795.02,18.3047,3.2298,0.377039999,3.50909996,0.708999991,0.299349993,0.385019988,3.641200066,3.750099897,3.673000097
Tu,3/27/2018,1,1.2403,105.34,1.4157,1.2886,0.7679,0.7274,0.9468,7.7182,8.2309,6.283,6.2682,7.8466,64.97,13742,3.877,52.338,1.3101,1070.4,29.14,31.175,22814,1.5769,20.5355,252.24,97.92,101.25,360,3.3964,3.752,57.5165,11.6697,3.9818,20.1611,3.3257,604.41,2781.93,18.3825,3.227,0.377039999,3.486799955,0.708999991,0.299369991,0.385019988,3.641400099,3.75,3.673000097
Mo,3/26/2018,1,1.2444,105.41,1.4229,1.2843,0.7748,0.7298,0.9456,7.6823,8.1919,6.273,6.254,7.846,64.8675,13738,3.8953,52.235,1.309,1081.2,29.146,31.145,22808,1.5717,20.4533,251.52,98,101.25,360,3.3923,3.7386,57.1651,11.6337,3.9655,20.1889,3.3143,605.07,2800.52,18.3382,3.217,0.377039999,3.496299982,0.708999991,0.299470007,0.38499999,3.641299963,3.750099897,3.673000097
,,,,,,,,,,,,,,,,,,,,,,,,,,,,,,,,,,,,,,,,,,,,,,,,
Fr,3/23/2018,1,1.2353,104.74,1.4132,1.2895,0.7699,0.7233,0.9474,7.7577,8.2479,6.316,6.3132,7.8459,65.0137,13782,3.9185,52.385,1.3151,1082.15,29.164,31.23,22795,1.5832,20.576,253.27,98.64,101.1,360.04,3.4209,3.7751,57.2757,11.7473,3.9829,20.187,3.3126,607.77,2841.38,18.5255,3.2232,0.377039999,3.486099958,,0.299629986,0.38499999,3.641499996,3.750099897,3.673000097
Th,3/22/2018,1,1.2302,105.28,1.4096,1.2939,0.7693,0.7207,0.9492,7.7502,8.2567,6.335,6.3395,7.8481,65.1062,13753,3.9135,52.195,1.3172,1072.55,29.149,31.265,22785,1.5898,20.6519,253.76,99.51,101.15,,3.4329,3.7945,57.258,11.8518,3.935,20.2254,3.3152,607.71,2859.9,18.6359,3.2365,0.377039999,3.48210001,0.708999991,0.299730003,0.384990007,3.641299963,3.750099897,3.673000097
We,3/21/2018,1,1.2338,106.05,1.4141,1.2903,0.7765,0.7228,0.9497,7.6972,8.1834,6.3232,6.3044,7.8457,65.2075,13764,3.9255,52.145,1.3125,1072.3,29.182,31.222,22767,1.5853,20.5892,252.34,100.03,101.25,360,3.4283,3.7837,56.8812,11.8326,3.9093,20.2667,3.2729,605.78,2849.47,18.4375,3.251,0.377039999,3.468100071,0.708999991,0.299970001,0.38499999,3.64109993,3.750099897,3.673000097
Tu,3/20/2018,1,1.2242,106.53,1.3998,1.3071,0.7683,0.7184,0.9565,7.7467,8.222,6.3341,6.3335,7.8444,65.1962,13750,3.9185,52.09,1.3191,1068.7,29.17,31.185,22776,1.5976,20.7686,254.44,99.83,101.25,360,3.4557,3.8113,57.5211,11.9638,3.9341,20.2561,3.3116,610.63,2870.43,18.7682,3.2652,0.377050012,3.479799986,0.708999991,0.299930006,0.385019988,3.641299963,3.750099897,3.673000097
Mo,3/19/2018,1,1.2335,106.1,1.4024,1.3078,0.7718,0.7244,0.9511,7.7232,8.1695,6.3322,6.3192,7.8424,65.1775,13764,3.917,52.105,1.3169,1071.55,29.186,31.215,22761,1.5856,20.6128,252.37,99.19,101.3,360.08,3.4239,3.7833,57.8392,12.0176,3.9363,20.2066,3.2873,609.28,,18.7059,3.2705,0.377039999,3.472899914,0.708999991,0.300020009,0.385019988,3.641299963,3.75,3.673000097
,,,,,,,,,,,,,,,,,,,,,,,,,,,,,,,,,,,,,,,,,,,,,,,,
Fr,3/16/2018,1,1.229,106.01,1.3942,1.3096,0.7713,0.7218,0.952,7.7152,8.1938,6.3348,6.3264,7.8423,64.94,13751,3.9072,51.935,1.3177,1066.3,29.193,31.185,22765,1.5914,20.6795,252.98,99.76,101.3,359.92,3.4316,3.7984,57.4928,11.9755,3.9203,20.1918,3.2808,608.26,2852.65,18.6901,3.2722,0.377050012,3.456700087,,0.299950004,0.385019988,3.64109993,3.75,3.673000097
Th,3/15/2018,1,1.2305,106.34,1.3937,1.3052,0.7798,0.7278,0.9514,7.7139,8.1798,6.3221,6.3295,7.8419,64.9312,13749,3.9177,52.035,1.3135,1065.5,29.196,31.157,22759,1.5896,20.6389,252.94,99.76,101.3,359.96,3.4241,3.7928,57.4626,11.8986,3.8957,20.3195,3.2852,605.63,2845.02,18.7006,3.2622,0.377050012,3.452100039,0.708999991,0.299950004,0.385019988,3.64109993,3.750299931,3.673000097
We,3/14/2018,1,1.2368,106.32,1.3962,1.2955,0.7877,0.7332,0.9449,7.7303,8.1831,6.318,6.3071,7.8412,64.8325,13737,3.906,52.08,1.3093,1064.55,29.253,31.13,22759,1.5814,20.5752,251.69,99.6,101.3,360.08,3.3966,3.7692,57.1418,11.7757,3.8797,20.2342,3.2607,601.17,2843.4,18.584,3.254,0.377050012,3.435600042,0.708999991,0.300000012,0.385019988,3.641299963,3.750299931,3.673000097
Tu,3/13/2018,1,1.239,106.58,1.3962,1.2966,0.786,0.7325,0.9441,7.7362,8.217,6.3217,6.3267,7.8405,64.8925,13753,3.8975,52.04,1.3121,1067.45,29.251,31.257,22760,1.5785,20.569,251.64,99.15,101.25,360.58,3.4002,3.7681,57.0352,11.8168,3.8736,20.212,3.2609,602.63,2853.3,18.6064,3.263,0.377050012,3.431600094,0.708999991,0.300179988,0.385019988,3.641000032,3.750299931,3.673000097
Mo,3/12/2018,1,1.2334,106.42,1.3906,1.2842,0.7873,0.7296,0.9476,7.7449,8.2419,6.3295,6.3247,7.8407,65.0425,13771,3.9045,52.05,1.3129,1065.15,29.277,31.315,22759,1.5856,20.6392,252.89,99.94,101.1,360.33,3.4086,3.7794,56.8847,11.8222,3.8441,20.199,3.262,603.85,2845.52,18.5882,3.2605,0.377050012,3.443500042,0.708999991,0.300300002,0.385019988,3.641299963,3.750299931,3.673000097
,,,,,,,,,,,,,,,,,,,,,,,,,,,,,,,,,,,,,,,,,,,,,,,,
Fr,3/9/2018,1,1.2307,106.82,1.385,1.2812,0.7844,0.728,0.9513,7.7787,8.2442,6.3344,6.3306,7.8364,65.165,13786,3.9115,52.04,1.3166,1069.95,29.297,31.362,22762,1.5893,20.6825,253.33,99.94,101.3,360.08,3.4099,3.7856,56.6589,11.8149,3.8125,20.2455,3.2559,602.71,2869.52,18.6209,3.2585,0.377050012,3.443300009,,0.30035001,0.385019988,3.641299963,3.750400066,3.673000097
Th,3/8/2018,1,1.2312,106.23,1.3811,1.2896,0.7789,0.7264,0.9511,7.841,8.2691,6.3422,6.3434,7.8407,65.1475,13785,3.9085,52.04,1.3175,1070.25,29.259,31.377,22757,1.5886,20.6437,253.29,99.87,101.3,360.04,3.4147,3.7824,,11.9091,3.824,20.3612,3.2649,606.18,2874.99,18.6598,3.2582,0.377050012,3.460999966,0.708999991,0.300150007,0.385019988,3.641299963,3.750299931,3.673000097
We,3/7/2018,1,1.2411,106.07,1.3896,1.2912,0.7825,0.7283,0.9435,7.8042,8.23,6.3254,6.3199,7.8356,64.8887,13766,3.9048,51.98,1.3141,1069.1,29.25,31.325,22765,1.5759,20.4845,251.39,99.74,101.35,360.1,3.3897,3.7544,56.8042,11.8356,3.8016,20.4017,3.2437,602.69,2865.03,18.7122,3.2538,0.377050012,3.456199884,0.708999991,0.29975,0.385019988,3.64109993,3.750400066,3.673000097
Tu,3/6/2018,1,1.2404,106.13,1.3888,1.2876,0.7829,0.729,0.9407,7.7784,8.2056,6.3145,6.3105,7.8336,64.9588,13775,3.9035,52.005,1.3161,1076,29.283,31.385,22761,1.5768,20.4673,252.22,99.94,101.35,360.04,3.376,3.7579,56.6598,11.7732,3.794,20.3218,3.211,599.46,2851.26,18.7396,3.254,0.377050012,3.458400011,0.708999991,0.299879998,0.385019988,3.641299963,3.750400066,3.673000097
Mo,3/5/2018,1,1.2336,106.2,1.3849,1.2964,0.7765,0.7226,0.9399,7.8196,8.2621,6.3496,6.3349,7.832,65.1125,13763,3.9065,52.01,1.3183,1082,29.287,31.44,22760,1.5877,20.5987,254.73,100.35,101.35,360.02,3.3959,3.7773,56.4248,11.8315,3.8084,20.2101,3.2431,598.55,2855.71,18.7972,3.25,0.377050012,3.467099905,0.708999991,0.299849987,0.38499999,3.641299963,3.750400066,3.673000097
,,,,,,,,,,,,,,,,,,,,,,,,,,,,,,,,,,,,,,,,,,,,,,,,
Fr,3/2/2018,1,1.2317,105.75,1.3802,1.2882,0.776,0.7236,0.9374,7.7901,8.2446,6.3454,6.3407,7.8308,,13758,3.9035,51.9,1.32,1080.35,29.283,31.46,22763,1.5877,20.5933,254.71,100.65,101.35,360.07,3.4001,3.7841,56.816,11.9236,3.8076,20.2833,3.2534,599.15,2879.77,18.8225,3.2565,0.377050012,3.445800066,,0.299950004,0.38499999,,3.750400066,3.673000097
Th,3/1/2018,1,1.2267,106.24,1.3776,1.2837,0.7756,0.7249,0.9418,7.8466,8.2489,6.3582,6.3475,7.828,65.165,13748,3.9285,51.92,1.323,,29.31,,22743,1.5943,20.734,255.6,101.58,101.25,360.07,3.4132,3.7976,56.8187,11.8917,3.8059,20.1562,3.2515,595.21,2878.5,18.8508,3.262,0.377009988,3.470999956,0.708999991,0.300449997,0.38499999,3.64109993,3.750400066,3.673000097
We,2/28/2018,1,1.2194,106.68,1.376,1.2831,0.7762,0.7212,0.9446,7.9011,8.2911,6.331,6.3311,7.8261,65.1775,13745,3.917,52.11,1.3248,1083.1,,31.385,22759,1.6039,20.8375,257.35,101.43,101.4,360.25,3.4246,3.8185,56.3433,11.7957,3.7992,20.1156,3.2477,594.28,2863.78,18.8381,3.2663,0.377009988,3.476900101,0.708999991,0.300269991,0.38499999,3.641000032,3.750299931,3.673000097
Tu,2/27/2018,1,1.2233,107.33,1.3909,1.2776,0.7789,0.7235,0.9389,7.8682,8.2253,6.3169,6.3264,7.8276,64.885,13678,3.908,52.03,1.3243,1071.25,29.222,31.37,22745,1.5989,20.7858,256.81,100.92,101.65,360.13,3.4106,3.8114,56.2795,11.7187,3.8156,20.227,3.2504,591,2857.85,18.8447,3.2525,0.377009988,3.480000019,0.708999991,0.300020009,0.384990007,3.641299963,3.750200033,3.673000097
Mo,2/26/2018,1,1.2317,106.93,1.3968,1.2681,0.7855,0.7303,0.938,7.8235,8.1512,6.3161,6.2946,7.8234,64.795,13660,3.903,51.86,1.316,1073.35,29.231,31.318,22748,1.5878,20.5918,254.66,100.67,101.75,360.33,3.3846,3.7814,55.718,11.5542,3.7861,20.1763,3.2249,587.19,2836.68,18.6785,3.2485,0.37698999,3.483099937,0.708999991,0.299870014,0.384990007,3.641000032,3.750299931,3.673000097
,,,,,,,,,,,,,,,,,,,,,,,,,,,,,,,,,,,,,,,,,,,,,,,,
Fr,2/23/2018,1,1.2295,106.89,1.3971,1.2633,0.7843,0.7302,0.9361,7.8518,8.1731,6.3372,6.3262,7.8233,64.7287,13668,3.9185,51.9,1.3195,1078.95,29.303,31.463,22733,1.5906,20.6331,254.65,100.57,101.9,360.08,3.393,3.7847,,11.5592,3.789,19.9752,3.2387,591.44,2840.89,18.5545,3.251,0.377009988,3.487499952,,0.300220013,0.385010004,3.641299963,3.750200033,3.673000097
Th,2/22/2018,1,1.233,106.75,1.3956,1.2705,0.7846,0.7342,0.9329,7.8534,8.116,6.3527,6.3343,7.8243,65.045,13683,3.917,52.125,1.3192,1084.3,29.296,31.545,22715,1.5862,20.5633,253.9,100.57,101.75,360.33,3.3898,3.7745,56.5215,11.6632,3.7834,19.9541,3.2522,594.34,2861.8,18.6051,3.248,0.377009988,3.492899895,0.708999991,0.300220013,0.385010004,3.641000032,3.750200033,3.673000097
We,2/21/2018,1,1.2284,107.78,1.3918,1.2703,0.7804,0.7319,0.939,7.8679,8.1189,,6.3376,7.8253,64.7725,13619,3.906,52.115,1.3237,1076.15,29.218,31.485,22709,1.5918,20.6438,254.35,100.58,101.55,360.2,3.3959,3.7931,56.7519,11.6631,3.7888,19.912,3.2662,594.9,2882.23,18.837,3.25,0.377000004,3.494199991,0.708999991,0.299849987,0.385010004,3.641299963,3.750299931,3.673000097
Tu,2/20/2018,1,1.2337,107.33,1.3996,1.2648,0.7883,0.7348,0.9361,7.8409,8.0964,,6.3405,7.8245,64.79,13614,3.9035,52.24,1.3187,1073.45,,31.498,,1.5853,20.5358,252.79,100.55,101.25,360.35,3.3627,3.7773,56.5524,11.7289,3.7986,19.8639,3.2533,595.21,2861.2,18.7074,3.2515,0.377000004,3.499300003,0.708999991,0.299699992,0.385010004,3.641000032,3.750299931,3.673000097
Mo,2/19/2018,1,1.2407,106.59,1.4,1.2561,0.7913,0.7372,0.9295,7.7797,7.9845,,6.3054,7.8218,,13559,3.891,52.37,1.3135,1067.6,,31.39,,1.5764,20.3944,250.7,100.39,101.3,360.35,3.3319,3.757,56.4555,11.6702,3.7588,19.8999,3.2334,594.85,2844.3,18.5333,3.2465,0.377000004,3.506799936,0.708999991,0.299710006,0.385010004,3.641299963,3.750400066,3.673000097
,,,,,,,,,,,,,,,,,,,,,,,,,,,,,,,,,,,,,,,,,,,,,,,,
Fr,2/16/2018,1,1.2406,106.21,1.4026,1.2558,0.7905,0.7386,0.927,7.781,7.9688,,6.2987,7.8209,64.215,,,,1.3112,,,31.253,,1.5764,20.441,250.94,100.1,101.3,360.3,3.3506,3.7571,56.4009,11.596,3.7471,19.7687,3.2304,593.27,2845.13,18.5249,3.2505,0.377009988,3.549499989,,0.299299985,0.38499999,,3.750400066,3.672899961
Th,2/15/2018,1,1.2506,106.13,1.4099,1.2481,0.7945,0.7407,0.922,7.766,7.9345,,6.2823,7.8203,63.91,13559,3.8943,51.997,1.3091,,,31.29,,1.5639,20.271,248.76,100.35,101.3,360.14,3.3221,3.7287,56.4065,11.6208,3.7644,19.6621,3.2313,593.34,2853.06,18.5015,3.246,0.377009988,3.535700083,0.708999991,0.299499989,0.38499999,3.64109993,3.750299931,3.673000097
We,2/14/2018,1,1.2451,107.01,1.3999,1.2493,0.7926,0.7366,0.9294,7.7999,7.9554,6.3415,6.3126,7.8224,64.0862,13629,3.9183,52.13,1.3142,1077.2,29.337,31.495,,1.571,20.3818,250.55,100.94,101.2,360.27,3.337,3.7432,56.7118,11.7164,3.7826,19.9007,3.2247,594.95,2870.05,18.5641,3.2615,0.377000004,3.524100065,0.708999991,0.29993999,0.38499999,3.641000032,3.750299931,3.673000097
Tu,2/13/2018,1,1.2352,107.82,1.3894,1.2592,0.7859,0.7274,0.9349,7.8809,8.0279,6.341,6.3338,7.8231,,13658,3.9392,51.99,1.3228,1084.55,29.354,31.502,22704,1.5834,20.5423,252.54,101.47,101.2,360.29,3.3727,3.773,57.6319,11.965,3.8096,,,597.35,2904.5,18.66,3.275,0.377009988,3.53730011,0.708999991,0.300020009,0.38499999,,3.750499964,3.673000097
Mo,2/12/2018,1,1.2292,108.66,1.3838,1.2577,0.7862,0.7264,0.9393,7.9149,8.0643,6.3275,6.3237,7.8193,64.3125,13658,3.9385,51.755,1.3231,1084.55,29.382,31.69,22691,1.5912,20.648,253.73,102.14,101.05,360.54,3.3913,3.7867,57.8288,11.9352,3.8005,,,599.28,2889.69,18.6077,3.2685,0.377009988,3.521899939,0.708999991,0.300199986,0.38499999,3.64109993,3.750299931,3.673000097
,,,,,,,,,,,,,,,,,,,,,,,,,,,,,,,,,,,,,,,,,,,,,,,,
Fr,2/9/2018,1,1.2252,108.8,1.3827,1.2581,0.7813,0.7255,0.9386,7.9622,8.0804,6.3032,6.3115,7.8183,64.3975,13629,3.9395,51.46,1.3277,1092.05,29.401,31.737,22703,1.5965,20.7225,254.76,102.2,100.8,360.2,3.4174,3.7959,58.3869,11.9934,3.8189,19.9969,3.3021,603.83,2941.77,18.7006,3.2757,0.377009988,3.515599966,,0.300150007,0.385010004,,3.750299931,3.673000097
Th,2/8/2018,1,1.2247,108.74,1.3913,1.2603,0.7781,0.7218,0.9362,7.9276,8.1172,6.3298,6.3646,7.8212,64.2563,13605,3.9268,51.315,1.3312,1087.9,29.371,31.87,22695,1.597,20.7153,254.25,102.12,100.8,360.07,3.4225,3.8005,58.4155,12.1683,3.8227,19.961,3.2852,602.78,2887,18.8949,3.2652,0.377009988,3.518399954,0.708999991,0.300150007,0.385010004,3.641499996,3.750299931,3.673000097
We,2/7/2018,1,1.2264,109.33,1.3881,1.2568,0.7823,0.7239,0.9439,7.9065,8.0844,6.2778,6.3198,7.8182,64.285,13553,3.9088,51.13,1.3253,1086.6,29.265,31.568,22700,1.5948,20.5997,253.2,101.85,101.35,360.02,3.3994,3.796,57.6265,12.0701,3.8046,19.686,3.2713,595,2845.4,18.7994,3.2508,0.377009988,3.494699955,0.708999991,0.299980015,0.385010004,3.641299963,3.750299931,3.673000097
Tu,2/6/2018,1,1.2377,109.56,1.3949,1.2492,0.7906,0.7342,0.9359,7.8157,7.9518,6.2907,6.2819,7.8185,64.25,13555,3.9165,51.47,1.3189,1091.4,29.365,31.538,22705,1.5802,20.3868,250.37,101.27,101.75,360.52,3.3568,3.7573,56.8689,11.9192,3.77,19.5765,3.2348,599.58,2828.7,18.6077,3.2448,0.377009988,3.478899956,0.708999991,0.300119996,0.385010004,3.641599894,3.750200033,3.673000097
Mo,2/5/2018,1,1.2367,109.09,1.3959,1.2539,0.7878,0.7265,0.9317,7.837,7.9799,6.2926,6.3118,7.8207,64.065,13525,3.9,51.51,1.3217,1088.55,29.296,31.517,22705,1.5814,20.3965,250.88,100.65,101.75,359.81,3.364,3.7496,57.214,12.129,3.7905,19.4651,3.2532,601.19,2846.5,18.7848,3.238,0.377000004,3.457999945,0.708999991,0.299879998,0.384990007,3.641000032,3.750200033,3.673000097
,,,,,,,,,,,,,,,,,,,,,,,,,,,,,,,,,,,,,,,,,,,,,,,,
Fr,2/2/2018,1,1.2463,110.17,1.4118,1.2429,0.7931,0.73,0.9314,7.7329,7.9028,6.3014,6.3131,7.8205,64.065,13452,3.8855,51.46,1.3198,1080.1,29.23,31.382,22716,1.5701,20.2581,248.68,100.69,101.75,360.06,3.3468,3.7296,56.55,12.0876,3.7692,19.4841,3.2196,603,2839.34,18.5949,3.2185,0.377009988,3.443799973,,0.299780011,0.384990007,3.641299963,3.750099897,3.673000097
Th,2/1/2018,1,1.251,109.4,1.4264,1.2268,0.8039,0.7397,0.9265,7.6428,7.841,6.2994,6.2913,7.8196,64.0225,13426,,51.59,1.3082,1072,29.201,31.35,22710,1.5637,20.138,247.05,100.09,101.9,360.06,3.3211,3.7197,55.9159,11.8579,3.7316,19.3682,3.1704,596.85,2790.77,18.3447,3.2115,0.377009988,3.428499937,0.708999991,0.299670011,0.384990007,3.641299963,3.750099897,3.673000097
We,1/31/2018,1,1.2414,109.19,1.4191,1.2315,0.8055,0.7365,0.9313,7.7088,7.879,6.2888,6.2985,7.8229,63.5863,13389,,51.295,1.3121,1067.75,29.144,31.327,22705,1.5755,20.359,249.74,100.2,102.35,360.41,3.3446,3.7456,56.2173,11.8514,3.7554,19.6381,3.1869,601.2,2826.71,18.5999,3.216,0.377000004,3.41989994,0.708999991,0.299699992,0.384990007,3.641400099,3.750099897,3.673000097
Tu,1/30/2018,1,1.2402,108.78,1.4147,1.2336,0.8083,0.7331,0.9348,7.7214,7.8904,6.3239,6.3281,7.8208,63.61,13434,3.8985,51.42,1.312,1073.75,29.226,31.433,22705,1.577,20.4031,250.62,100.72,102.35,360,3.3525,3.7507,56.378,11.9643,3.7809,19.6305,3.1814,607.36,2849.1,18.76,3.2165,0.376969993,3.418499947,0.708999991,0.29975,0.384979993,3.641000032,3.750200033,3.673000097
Mo,1/29/2018,1,1.2383,108.96,1.4074,1.234,0.8094,0.7323,0.9375,7.7111,7.8929,6.3405,6.3381,7.8175,63.5875,13364,3.8818,51.185,1.3103,1065.5,29.146,31.423,22713,1.5795,20.434,250.36,101,102.35,360.41,3.3484,3.759,56.3197,11.9416,3.7933,19.5866,3.1553,603.75,2846.5,18.6071,3.2155,0.376949996,3.398400068,0.708999991,0.299849987,0.384979993,3.641299963,3.750299931,3.673000097
,,,,,,,,,,,,,,,,,,,,,,,,,,,,,,,,,,,,,,,,,,,,,,,,
Fr,1/26/2018,1,1.2427,108.58,1.416,1.2308,0.811,0.735,0.9324,7.6903,7.8682,6.3283,6.3263,7.8181,,13311,3.8705,50.855,1.3074,1063.9,29.094,31.36,22710,1.5739,20.3741,248.92,100.37,102.4,360.05,3.3243,3.7567,56.2681,11.8623,3.7514,19.5708,3.1482,601.73,2810.95,18.4901,3.2153,0.37650001,3.390000105,,0.299849987,0.384990007,3.641400099,3.750299931,3.673000097
Th,1/25/2018,1,1.2396,109.41,1.4142,1.2377,0.8026,0.7325,0.9407,7.7426,7.9223,6.3264,6.3295,7.8176,63.5425,13289,3.8855,50.81,1.31,1058.65,29.064,31.448,22696,1.5777,20.4529,249.41,100.38,102.45,360.25,3.3422,3.7705,55.9265,11.8689,3.751,19.5799,3.1325,598.82,2790.5,18.6043,3.2105,0.376540005,3.39199996,0.708999991,0.299849987,0.384990007,3.641499996,3.750299931,3.673000097
We,1/24/2018,1,1.2408,109.22,1.4242,1.2348,0.8062,0.7337,0.9453,7.7477,7.9267,6.3575,6.3495,7.8183,63.6925,13314,3.913,50.97,1.3073,1070.15,29.296,31.635,22724,1.5763,20.4575,249.29,101.69,102.45,360.49,3.3461,3.7462,56.1785,11.8568,3.7387,19.663,3.142,602.99,2812.77,18.5003,3.2135,0.37698999,3.411499977,0.708999991,0.299860001,0.384979993,3.641299963,3.750200033,3.673000097
Tu,1/23/2018,1,1.2299,110.31,1.4,1.2419,0.8,0.7355,0.9577,7.8237,8.0075,6.4047,6.3987,7.8189,63.7787,13325,3.9265,51.11,1.3174,1070.15,29.316,31.835,22699,1.5903,20.6453,251.47,102.42,102.75,359.81,3.3878,3.7953,56.3571,12.0324,3.7675,19.3407,3.2394,609.2,2855.19,18.697,3.2192,0.377000004,3.40809989,0.708999991,0.300370008,0.384979993,3.64109993,3.750200033,3.673000097
Mo,1/22/2018,1,1.2262,110.92,1.3987,1.2444,0.8017,0.7328,0.9618,7.8532,8.0193,6.405,6.4029,7.8184,63.87,13348,3.9327,50.835,1.319,1070.1,29.427,31.838,22698,1.595,20.7192,252.48,102.91,102.9,360.5,3.3994,3.8059,56.5057,12.0505,3.7752,19.1465,3.2041,606.1,2851.54,18.6832,3.2135,0.377029985,3.415299892,0.708999991,0.300559998,0.384990007,3.641599894,3.750099897,3.673000097
,,,,,,,,,,,,,,,,,,,,,,,,,,,,,,,,,,,,,,,,,,,,,,,,
Fr,1/19/2018,1,1.2222,110.77,1.3858,1.2493,0.7995,0.7277,0.9628,7.8637,8.0531,6.404,6.4004,7.8171,63.845,13313,3.9372,50.73,1.3208,1065.9,29.425,31.875,22698,1.6004,20.7724,252.93,103.03,102.9,360.25,3.4141,3.8137,56.7168,12.1962,3.8065,18.9906,3.1962,608.13,2849.3,18.6353,3.2164,0.377029985,3.433199883,,0.300550014,,3.641299963,3.750200033,3.673000097
Th,1/18/2018,1,1.2238,111.11,1.3894,1.2418,0.8001,0.7301,0.9589,7.8471,8.0188,6.42,6.4215,7.817,63.86,13347,3.955,50.805,1.3209,1070.5,29.559,31.938,22725,1.5981,20.7187,251.93,102.71,102.9,360.1,3.4009,3.802,56.5163,12.1314,3.7681,18.873,3.2115,605.4,2841.75,18.605,3.2137,0.377029985,3.417900085,0.708999991,0.300799996,0.384990007,3.641299963,3.750299931,3.673000097
We,1/17/2018,1,1.2186,111.29,1.3831,1.2438,0.797,0.7273,0.9659,7.8805,8.0509,6.4343,6.4326,7.8182,63.89,13360,3.9535,50.723,1.3246,1069.25,29.556,31.947,22698,1.6049,20.8227,253.2,102.99,103.1,360.49,3.4191,3.8134,56.7695,12.2989,3.8186,18.8569,3.2228,605.96,2847.8,18.7157,3.212,0.37698999,3.443500042,0.708999991,0.300559998,0.384990007,3.641299963,3.750299931,3.673000097
Tu,1/16/2018,1,1.226,110.45,1.3792,1.2435,0.7961,0.7268,0.9595,7.8753,8.0405,6.444,6.4369,7.8229,64.0425,13338,3.9575,50.498,1.3207,1062.65,29.551,31.978,22706,1.5955,20.7385,251.82,102.81,103.1,360.49,3.4022,3.7979,56.5255,12.2813,3.7968,18.893,3.2244,,2866.36,18.7682,3.2102,0.377000004,3.430799961,0.708999991,0.300680012,0.384979993,3.641299963,3.750299931,3.673000097
Mo,1/15/2018,1,1.2264,110.54,1.3792,1.2429,0.7965,0.73,0.9631,7.8824,8.0216,6.4371,6.4305,7.8235,63.4925,13335,3.9555,50.37,1.3212,1062.7,29.538,31.903,22698,1.5948,20.8166,251.85,102.56,103.1,360.35,3.4028,3.7821,56.333,12.3063,3.7988,18.7352,3.2158,602.58,2839.5,18.8566,3.2105,0.377000004,3.398999929,0.708999991,0.300669998,0.384979993,3.641000032,3.750400066,3.673000097
,,,,,,,,,,,,,,,,,,,,,,,,,,,,,,,,,,,,,,,,,,,,,,,,
Fr,1/12/2018,1,1.2202,111.06,1.3728,1.2459,0.7917,0.7242,0.9673,7.9203,8.0495,6.469,6.4611,7.8224,63.6287,13354,3.972,50.39,1.3244,1064.9,29.595,31.967,22707,1.6037,20.9067,253.02,103.19,103.1,359.99,3.4179,3.7971,56.6427,12.3668,3.7489,18.686,3.2055,603.19,2859.18,19.0371,3.2165,0.377050012,3.393399954,,0.301160008,0.38499999,3.641000032,3.750299931,3.673000097
Th,1/11/2018,1,1.2032,111.26,1.3538,1.2519,0.7892,0.7261,0.9758,8.0137,8.132,6.5063,6.4907,7.823,63.665,13400,3.9875,50.39,1.3294,1072.1,29.616,32.01,22700,1.6255,21.2038,256.65,104.04,103.1,359.99,3.4636,3.8565,56.4286,12.3913,3.7745,18.705,3.2146,606.19,2856.73,19.2721,3.2185,0.376960009,3.418100119,0.708999991,0.301459998,0.38499999,3.641000032,3.750299931,3.673000097
We,1/10/2018,1,1.1948,111.44,1.3507,1.2547,0.7843,0.7198,0.9782,8.0739,8.2009,6.5082,6.523,7.8225,63.5975,13436,4.0048,50.395,1.3343,1071.85,29.597,32.14,22698,1.6369,21.3943,258.94,104.45,103.2,360.67,3.4945,3.8828,57.022,12.4359,3.7998,18.6319,3.2354,609.32,2890.5,19.2948,3.2224,0.377029985,3.425699949,0.708999991,0.301499993,0.384499997,3.641000032,3.750499964,3.673000097
Tu,1/9/2018,1,1.1937,112.65,1.354,1.2464,0.7824,0.7163,0.983,8.1007,8.2301,6.5297,6.535,7.8208,63.7162,13438,4.0095,50.295,1.3356,1067.1,29.535,32.252,22699,1.6385,21.4035,259.27,105.07,103.2,360.33,3.5095,3.8926,57.0073,12.3449,3.7696,18.9135,3.2495,608.05,2910.2,19.2399,3.2185,0.377029985,3.442899942,0.708999991,0.301679999,0.384979993,3.64109993,3.7506001,3.673000097
Mo,1/8/2018,1,1.1967,113.09,1.3568,1.2421,0.7842,0.7176,0.9772,8.0779,8.2024,6.4998,6.4972,7.8209,63.505,13427,3.998,50.14,1.3325,1066.1,29.518,32.198,22701,1.6344,21.383,258.23,104.52,103.25,359.99,3.4864,3.8847,,12.385,3.7456,19.0186,3.2369,605.38,,19.2256,3.2157,0.377050012,3.447099924,0.708999991,0.301459998,0.384979993,3.641000032,3.750499964,3.673000097
,,,,,,,,,,,,,,,,,,,,,,,,,,,,,,,,,,,,,,,,,,,,,,,,
Fr,1/5/2018,1,1.2029,113.05,1.3571,1.2412,0.7864,0.7173,0.9747,8.0512,8.1578,6.4884,6.4785,7.8196,63.3713,13416,3.9975,49.86,1.3264,1062.75,29.519,32.228,22698,1.6258,21.23,256.42,103.82,103.25,359.99,3.4524,3.8568,56.9902,12.312,3.7353,18.883,3.229,605.74,2905.65,19.1793,3.2125,0.377099991,3.433000088,,0.301499993,0.384959996,3.641000032,3.750299931,3.673000097
Th,1/4/2018,1,1.2068,112.75,1.3551,1.2487,0.7864,0.7154,0.9742,8.0675,8.1367,6.4935,6.492,7.8174,63.41,13424,4.0065,49.815,1.3279,1062.15,29.58,32.23,22709,1.6207,21.153,255.41,103.82,103.25,359.99,3.438,3.8385,56.8667,12.3039,3.7481,18.63,3.2308,605.42,2887.69,19.2893,3.21,0.37707001,3.446099997,0.708999991,0.301389992,0.384979993,3.64109993,3.750499964,3.673000097
We,1/3/2018,1,1.2015,112.51,1.3516,1.2536,0.7836,0.7092,0.9771,8.1047,8.1767,6.503,6.4957,7.8167,63.535,13478,4.0145,49.81,1.3299,1064.55,29.59,32.307,22698,1.6281,21.2288,256.92,104.17,103.25,360.49,3.4541,3.8478,57.2418,12.3663,3.7818,18.4457,3.2385,606.99,2902.8,19.3498,3.218,0.377029985,3.450999975,0.708999991,0.30151999,0.384900004,3.640899897,3.750299931,3.673000097
Tu,1/2/2018,1,1.2059,112.29,1.359,1.2512,0.783,0.7105,0.9717,8.1281,8.168,6.493,6.5015,7.815,63.4812,13518,4.0195,,1.3293,1061.2,29.624,,22709,1.622,21.1511,256.32,103.79,103.25,359.99,3.4517,3.8497,,12.4589,3.7668,18.4012,3.2619,606.67,2932.5,19.5401,,0.377099991,3.455699921,0.708999991,0.301450014,0.384900004,3.64109993,3.750299931,3.673000097
Mo,1/1/2018,1,1.2012,112.63,1.3503,1.2545,0.7805,0.7105,0.975,8.195,8.1758,,6.5163,7.8139,63.675,,,,,,,,,1.6297,21.262,,,,359.99,,3.8955,,,3.791,,,,,,,0.377270013,3.47390008,,,0.384499997,,3.750099897,
,,,,,,,,,,,,,,,,,,,,,,,,,,,,,,,,,,,,,,,,,,,,,,,,
Fr,12/29/2017,1,1.2005,112.69,1.3513,1.2571,0.7809,0.7098,0.9743,8.2042,8.1833,6.5067,6.5143,7.814,63.8713,13568,4.0465,49.92,1.336,,29.8,32.58,22698,1.6298,21.2901,258.91,103.43,103.18,359.99,3.4841,3.8893,57.6258,12.3828,3.7982,18.6232,3.3085,615.44,,19.659,3.2374,0.377099991,3.475300074,,0.301560014,0.384900004,3.641200066,3.751399994,3.673500061
Th,12/28/2017,1,1.1943,112.87,1.3443,1.257,0.7794,0.7084,0.9786,8.2514,8.2454,6.5335,6.5309,7.8157,64.08,13562,4.0667,50.02,1.3378,1070.65,29.798,32.655,22704,1.6377,21.418,259.46,104.76,103.25,359.99,3.4969,3.8976,57.5187,12.3531,3.775,19.18,3.3132,614.91,2986.84,19.7213,3.2405,0.377099991,3.471299887,0.708999991,0.301770002,0.384920001,3.640899897,3.750299931,3.672899961
We,12/27/2017,1,1.1888,113.35,1.34,1.2655,0.7768,0.7057,0.9863,8.2721,8.2762,6.5564,6.5554,7.8104,64.1525,13561,4.0837,50.04,1.3396,1074.2,29.936,32.778,22706,1.645,21.814,260.88,105.48,103.1,360.58,3.5251,3.9107,57.7448,12.2684,3.8163,18.4375,3.317,616.94,2973.8,19.6893,3.2405,0.377099991,3.479000092,0.708999991,0.301959991,0.384950012,3.64109993,3.750200033,3.672699928
Tu,12/26/2017,1,1.1858,113.23,1.3374,1.2687,0.7728,0.704,0.9893,8.3091,8.3479,6.545,6.5415,7.8125,64.0788,,4.084,,1.3437,1076.15,29.95,32.792,22708,1.6491,21.7166,263.1,,,359.99,3.5419,3.9102,57.635,12.5098,3.8086,18.3341,3.3096,618.35,2965.27,19.8658,3.2405,0.377149999,3.489200115,0.708999991,0.302100003,0.384900004,3.64109993,3.750200033,3.672699928
Mo,12/25/2017,1,1.187,113.26,1.3371,1.2727,0.7717,0.7024,0.99,8.3114,8.327,6.5398,6.5545,7.8143,,,,,1.3439,,29.949,32.735,22708,1.6469,21.6993,262.72,,,360.49,3.5325,3.9059,57.9697,12.6119,3.8106,,,,,19.7481,,0.377130002,3.487499952,,0.302049994,0.384499997,,3.750099897,3.672699928
,,,,,,,,,,,,,,,,,,,,,,,,,,,,,,,,,,,,,,,,,,,,,,,,
Fr,12/22/2017,1,1.1862,113.29,1.3363,1.2729,0.7709,0.7022,0.988,8.3181,8.3175,6.5773,6.567,7.8152,64.0425,13561,4.0798,50.14,1.3437,1079.7,29.964,32.747,22713,1.6489,21.7154,262.86,106.18,103.1,360.49,3.534,3.9104,58.379,12.6212,3.8093,18.0732,3.3376,622.59,2961.5,19.7498,3.2355,0.377149999,3.483099937,,0.302100003,0.384849995,,3.750200033,3.672600031
Th,12/21/2017,1,1.1874,113.33,1.3386,1.274,0.7702,0.7017,0.9885,8.3548,8.3793,6.5848,6.5664,7.8186,64.0625,13558,4.079,50.225,1.3436,1082.7,29.98,32.732,22707,1.6471,21.6637,262.93,105.96,103.1,360.39,3.534,3.9027,58.4753,12.7618,3.8184,17.9406,3.3067,620.98,2964.62,19.4644,3.2675,0.377099991,3.485699892,0.708999991,0.302040011,0.384849995,3.641299963,3.750099897,3.672600031
We,12/20/2017,1,1.1871,113.4,1.3376,1.2835,0.7667,0.7013,0.9869,8.4106,8.403,6.5785,6.5646,7.8231,64.1138,13579,4.074,50.295,1.3446,1080.9,29.994,32.728,22714,1.6475,21.6364,263.58,105.24,103.15,360.27,3.5417,3.8966,58.709,12.7224,3.82,17.7565,3.2965,620.5,2957.75,19.2212,3.268,0.377079993,3.493999958,0.708999991,0.302100003,0.384950012,3.640899897,3.750099897,3.672899961
Tu,12/19/2017,1,1.184,112.89,1.3385,1.2878,0.7663,0.6972,0.9849,8.3495,8.4079,6.6047,6.6062,7.8163,64.035,13577,4.081,50.39,1.3466,1084.9,29.986,32.68,22730,1.6518,21.688,264.44,105.89,103.15,359.99,3.5468,3.9014,58.7756,12.7068,3.8335,17.6199,3.2911,620.14,2971.42,19.2123,3.282,0.377079993,3.501699924,0.708999991,0.302100003,0.384990007,3.641299963,3.750200033,3.672800064
Mo,12/18/2017,1,1.1782,112.55,1.3383,1.2862,0.7664,0.6995,0.9857,8.3596,8.4363,6.6164,6.6088,7.8154,64.235,13582,4.0815,50.469,1.3472,1088.55,30.007,32.615,22708,1.66,21.798,266.02,105.57,103.16,359.99,3.5705,3.9176,58.6645,12.746,3.83,17.5685,3.2886,621.35,2977.41,19.0841,3.2804,0.377169997,3.504899979,0.708999991,0.301950008,0.38499999,3.640899897,3.750200033,3.673000097
,,,,,,,,,,,,,,,,,,,,,,,,,,,,,,,,,,,,,,,,,,,,,,,,
Fr,12/15/2017,1,1.1749,112.6,1.332,1.2866,0.7646,0.6993,0.9905,8.3833,8.5041,6.6093,6.606,7.8119,64.045,13579,4.0795,50.45,1.3488,1089.38,29.986,32.513,22717,1.6646,21.8586,267.33,105.42,103.25,360.49,3.5828,3.9328,58.8097,13.0996,3.8622,17.5112,3.3019,636.2,2996.58,19.1175,3.294,0.377079993,3.514600039,,0.301950008,0.38499999,3.64109993,3.750299931,3.672800064
Th,12/14/2017,1,1.1778,112.39,1.3431,1.2797,0.7666,0.6983,0.9891,8.2978,8.4394,6.6093,6.6069,7.8087,64.345,13578,4.0845,50.46,1.3456,1088.95,30.003,32.5,22709,1.6606,21.817,266.87,105.3,103.3,360.49,3.586,3.9321,58.7699,13.512,3.887,17.4386,3.3352,638.52,2996.98,19.1381,3.243,0.377200007,3.520999908,0.708999991,0.301950008,0.38499999,3.641000032,3.750099897,3.673000097
We,12/13/2017,1,1.1826,112.54,1.342,1.2817,0.7637,0.7024,0.9854,8.325,8.4131,6.6195,6.614,7.8042,64.44,13585,4.0872,50.48,1.3465,1090.65,30.022,32.583,22708,1.6539,21.6965,265.94,104.61,103.25,360.33,3.566,3.9168,58.6355,13.4538,3.8121,17.3037,3.3175,646.73,3013.07,19.0092,3.2334,0.377400011,3.526200056,0.708999991,0.30219999,0.38499999,3.641000032,3.750200033,3.673000097
Tu,12/12/2017,1,1.1742,113.55,1.3318,1.2866,0.7558,0.6934,0.9916,8.3466,8.4206,6.6215,6.6279,7.8071,64.395,13569,4.0785,50.507,1.3521,1092.3,30.017,32.603,22706,1.6657,21.8285,267.42,105.21,,360.33,3.5858,3.9427,59.2926,13.6757,3.8479,17.3512,3.3194,653.92,3028.82,19.187,3.2335,0.377400011,3.548300028,0.708999991,0.30219999,0.38499999,3.640700102,3.750299931,3.673000097
Mo,12/11/2017,1,1.1769,113.56,1.3341,1.2856,0.7526,0.6912,0.9918,8.3824,8.5033,6.6186,6.6218,7.8063,64.37,13553,4.0765,50.365,1.3515,1092.2,30.023,,22726,1.6618,21.7633,267.35,104.63,103.15,359.91,3.5682,3.936,59.0067,13.6029,3.8364,17.2379,3.3036,655.81,3013.25,19.0584,3.2345,0.377149999,3.530499935,0.708999991,0.302210003,0.38499999,3.641499996,3.751300097,3.673000097
,,,,,,,,,,,,,,,,,,,,,,,,,,,,,,,,,,,,,,,,,,,,,,,,
Fr,12/8/2017,1,1.1773,113.48,1.339,1.2848,0.7509,0.6847,0.9927,8.2942,8.4452,6.6209,6.6238,7.8061,64.4575,13548,4.0875,50.49,1.353,1093.5,30.009,32.662,22710,1.6614,21.7099,266.68,104.68,103.15,359.99,3.5664,3.9356,59.1496,13.6672,3.8353,,3.2938,654.75,,18.9292,,0.377400011,3.522900105,,0.301999986,0.38499999,3.641299963,3.750099897,3.673000097
Th,12/7/2017,1,1.1773,113.09,1.3474,1.2854,0.7511,0.6831,0.9944,8.3163,8.4861,6.6193,6.6249,7.807,64.57,13554,4.0875,50.65,1.3516,1093.45,30.024,32.63,22715,1.6612,21.726,267.5,104.5,102.85,359.99,3.575,3.932,59.1859,13.7334,3.8621,17.2811,3.2934,655.76,3010.85,18.9694,3.2354,0.377400011,3.517199993,0.708999991,0.301999986,0.384499997,3.641599894,3.750200033,3.673000097
We,12/6/2017,1,1.1796,112.29,1.3393,1.2789,0.7564,0.6883,0.9899,8.2722,8.4362,6.6149,6.6179,7.8134,64.5188,13539,4.0763,50.7,1.349,1093.45,30.006,32.612,22716,1.6581,21.7184,266.45,104.52,102.85,359.79,3.5713,3.926,59.2224,13.514,3.8501,17.2551,3.2351,654.4,3010.1,18.8687,3.2345,0.377400011,3.51609993,0.708999991,0.301849991,0.38499999,3.641000032,3.751199961,3.673000097
Tu,12/5/2017,1,1.1826,112.6,1.3443,1.2691,0.7607,0.6876,0.9874,8.262,8.3629,6.6193,6.6181,7.8167,64.385,13519,4.0665,50.623,1.3471,1085.85,29.988,,22716,1.6542,21.685,265.63,103.62,103,359.66,3.5584,3.9144,58.7367,13.4489,3.8444,17.2904,3.2424,653.82,2996.08,18.7703,3.2372,0.377400011,3.503999949,0.708999991,0.301849991,0.38499999,3.641000032,3.750200033,3.673000097
Mo,12/4/2017,1,1.1866,112.41,1.348,1.2673,0.7598,0.6859,0.985,8.3316,8.42,6.6198,6.6186,7.8182,64.3737,13526,4.063,50.665,1.3476,1088.85,30.031,32.612,22715,1.6486,21.5798,264.43,103.64,103.05,359.99,3.5453,3.9031,58.8001,13.5175,3.8747,17.3476,3.2453,648.45,2993.57,18.615,3.233,0.377200007,3.49029994,0.708999991,0.301849991,0.38499999,3.640899897,3.750299931,3.673000097
,,,,,,,,,,,,,,,,,,,,,,,,,,,,,,,,,,,,,,,,,,,,,,,,
Fr,12/1/2017,1,1.1896,112.17,1.3477,1.2685,0.7613,0.6891,0.9762,8.2852,8.3532,6.6163,6.5984,7.8128,,,,50.28,1.3464,1086.4,30.017,32.61,22713,1.6441,21.5002,263.82,103.66,103.05,360.08,3.5425,3.8943,58.8983,13.738,3.9139,17.2255,3.2583,647.28,3001.91,18.6333,3.2345,0.377299994,3.485899925,,0.301670015,0.38499999,3.64109993,3.750299931,3.672899961
Th,11/30/2017,1,1.1904,112.54,1.3525,1.2897,0.7566,0.6832,0.9836,8.3188,8.3768,6.6091,6.6112,7.8099,64.4588,13526,4.091,,1.3477,1088.05,30,32.653,22718,1.643,21.431,263.05,102.99,103.1,359.89,3.5307,3.8996,58.4524,13.6981,3.92,17.3046,3.2683,648.73,3016.55,18.6284,3.2335,0.377400011,3.494800091,,0.30193001,0.38499999,3.641299963,3.750200033,3.673000097
We,11/29/2017,1,1.1847,111.93,1.3409,1.2865,0.757,0.6881,0.9846,8.2557,8.3689,6.6167,6.612,7.8091,64.32,13503,4.0817,50.27,1.347,1076.9,29.982,32.513,22715,1.6509,21.5179,263.38,103.47,103.1,359.99,3.5483,3.92,58.6192,13.6569,3.9617,17.4297,3.2442,643.64,3006.02,18.5648,3.2345,0.377600014,3.503799915,0.708999991,0.301699996,0.38499999,3.641299963,3.750200033,3.673000097
Tu,11/28/2017,1,1.184,111.48,1.3339,1.2815,0.7595,0.69,0.9842,8.2453,8.3511,6.6083,6.6082,7.8033,64.4113,13509,4.1025,50.36,1.3461,1084.25,29.996,32.563,22721,1.6517,21.5255,262.56,103.72,,359.92,3.5494,3.9196,58.3751,13.6616,3.9646,17.3707,3.2137,641.55,3000.87,18.5415,3.2335,0.377449989,3.507499933,0.708999991,0.301609993,0.384990007,3.64109993,3.750200033,3.673000097
Mo,11/27/2017,1,1.1898,111.09,1.3318,1.2769,0.7602,0.6912,0.9817,8.1522,8.3029,6.5992,6.5975,7.8003,64.5025,13517,4.114,50.52,1.3459,1088.6,29.997,32.65,22722,1.6439,21.383,261.4,102.96,103.2,359.99,3.5353,3.8996,58.4911,13.7587,3.9056,17.3175,3.2263,638.18,2986.7,18.5819,3.2363,0.377609998,3.501600027,0.708999991,0.301499993,0.38499999,3.641299963,3.750200033,3.673000097
,,,,,,,,,,,,,,,,,,,,,,,,,,,,,,,,,,,,,,,,,,,,,,,,
Fr,11/24/2017,1,1.1933,111.53,1.3337,1.2712,0.7617,0.6876,0.9795,8.1302,8.2778,6.6018,6.5881,7.8078,64.7,13503,4.1163,50.71,1.3456,1085.3,29.999,32.675,22724,1.639,21.3375,261.65,102.85,103.35,360.49,3.5283,3.8905,58.3703,14.1585,3.9553,17.3561,3.2323,634.23,2982.4,18.5575,3.2374,0.377799988,3.507100105,,0.30219999,0.38499999,3.64109993,3.750200033,3.673000097
Th,11/23/2017,1,1.1851,111.22,1.3309,1.2713,0.7625,0.6891,0.9818,8.1368,8.2972,6.5835,6.579,7.8113,64.575,13513,4.108,50.675,1.3454,1085.4,30.004,32.677,22727,1.6504,21.459,263.71,103.57,103.2,359.93,3.5519,3.9257,58.4656,13.8834,3.92,17.4001,3.2225,635.18,2981.75,18.6241,3.2375,0.377799988,3.511399984,0.708999991,0.30219999,0.38499999,3.640899897,3.750200033,3.673000097
We,11/22/2017,1,1.1822,111.22,1.3325,1.2696,0.7617,0.6883,0.982,8.1537,8.338,6.6103,6.5967,7.8107,64.925,13525,4.1112,50.62,1.3471,1088.85,30.01,32.728,22721,1.6546,21.5516,264.81,104.28,103.35,359.99,3.5644,3.9341,58.4984,13.8218,3.9183,17.4298,3.2251,633.7,2977.18,18.6379,3.2365,0.377799988,3.510799885,0.708999991,0.302089989,0.385019988,3.641400099,3.750299931,3.673000097
Tu,11/21/2017,1,1.1738,112.45,1.3239,1.2778,0.7578,0.6829,0.9914,8.2129,8.4302,6.629,6.6271,7.8111,64.8938,13534,4.14,50.75,1.3545,1095.9,30.051,32.768,22713,1.666,21.7197,266.84,103.79,103.4,359.99,3.5962,3.9584,59.187,13.9684,3.9565,17.4867,3.2545,635.3,2994.9,18.7736,3.2365,0.377700001,3.515899897,0.708999991,0.302130014,0.385019988,3.640700102,3.750400066,3.673000097
Mo,11/20/2017,1,1.1733,112.62,1.3235,1.282,0.755,0.6809,0.9934,8.2912,8.4851,6.6372,6.6471,7.8109,65.09,13533,4.1495,50.79,1.3569,1100.6,30.093,32.772,22718,1.667,21.7694,266.33,103.58,103.7,359.99,3.6054,3.961,59.3522,14.0464,3.9289,,3.259,637.46,3014.45,18.9958,3.2385,0.377799988,3.516700029,0.708999991,0.301899999,0.385019988,3.641000032,3.750200033,3.673000097
,,,,,,,,,,,,,,,,,,,,,,,,,,,,,,,,,,,,,,,,,,,,,,,,
Fr,11/17/2017,1,1.179,112.1,1.3215,1.2763,0.7564,0.6809,0.9891,8.2402,8.4277,6.626,6.6365,7.8116,65.015,13528,4.161,50.98,1.3561,1097.45,30.096,32.855,22714,1.6586,21.6868,264.56,103.5,103.25,359.99,3.5919,3.9296,59.0783,13.9981,3.876,17.4824,3.2592,626.85,3004.21,18.9173,3.2414,0.377849996,3.513499975,,0.303750008,0.385019988,,3.750200033,3.673000097
Th,11/16/2017,1,1.177,113.06,1.3195,1.2757,0.7588,0.6851,0.9941,8.2099,8.3986,6.6303,6.633,7.8099,65.3225,13542,4.176,50.875,1.3565,1101.55,30.156,32.958,22716,1.6617,21.7189,265.03,103.54,103.8,359.99,3.603,3.9404,59.6637,14.1567,3.8628,17.4803,3.2771,630.51,3015.89,19.0558,3.2463,0.37777999,3.516799927,0.708999991,0.303750008,0.385019988,3.641700029,3.750200033,3.673000097
We,11/15/2017,1,1.1791,112.88,1.3171,1.2764,0.7589,0.6877,0.9884,8.2448,8.4295,6.624,6.6327,7.8063,65.21,13534,4.1745,51.03,1.3567,1112.4,30.149,33.015,22714,1.6588,21.7455,264.82,103.31,103.8,359.49,3.5964,3.9329,60.2065,14.3849,3.8809,17.513,,633.28,3026.02,19.2509,3.2566,0.377849996,3.529099941,0.708999991,0.302089989,0.385019988,,3.750099897,3.673000097
Tu,11/14/2017,1,1.1798,113.46,1.3165,1.2731,0.7631,0.6876,0.9893,8.1804,8.395,6.6361,6.6367,7.8026,65.4187,13554,4.1935,51.18,1.3591,1118.1,30.175,33.075,22714,1.6578,21.701,264.29,103.79,103.75,358.99,3.5993,3.936,60.2283,14.3702,3.8862,17.4867,3.3151,631.97,3016.91,19.166,3.2435,0.377849996,3.53640008,0.708999991,0.302439988,0.385019988,3.641799927,3.750200033,3.673000097
Mo,11/13/2017,1,1.1667,113.62,1.3116,1.2733,0.7623,0.6903,0.9963,8.1649,8.3833,6.6405,6.6571,7.8015,65.4287,13552,4.1915,51.205,1.3618,1120.75,30.189,33.065,22715,1.6763,21.9046,267.25,103.74,103.6,355.99,3.6311,3.9871,59.3649,14.47,3.8706,17.5041,3.2792,630.3,,19.1284,3.2414,0.377900004,3.544800043,0.708999991,0.302599996,0.385010004,3.641200066,3.750499964,3.673000097
,,,,,,,,,,,,,,,,,,,,,,,,,,,,,,,,,,,,,,,,,,,,,,,,
Fr,11/10/2017,1,1.1665,113.53,1.3196,1.2682,0.7661,0.6937,0.9961,8.134,8.3533,6.6409,6.6618,7.8024,65.1675,13529,4.1918,51.245,1.3602,1117.05,30.171,33.118,22715,1.6767,21.9077,267.11,103.61,103.57,355.49,3.6227,3.9961,59.2078,14.3773,3.8644,17.497,3.2838,630.89,3006.22,19.1017,3.2446,0.377849996,3.548599958,,0.302749991,0.385019988,,3.7506001,3.673000097
Th,11/9/2017,1,1.1642,113.47,1.3145,1.2683,0.768,0.6948,0.994,8.1325,8.378,6.6402,6.648,7.7994,64.9425,13515,4.2065,51.265,1.359,1115.55,30.179,33.107,22716,1.6799,21.9343,267.94,103.93,103.6,355.49,3.6346,3.9869,59.2997,14.2486,3.8677,17.51,3.2504,630.76,3011.75,19.0448,3.2425,0.377920002,3.527100086,0.708999991,0.302850008,0.385019988,,3.750799894,3.673000097
We,11/8/2017,1,1.1595,113.87,1.3116,1.2729,0.7678,0.6966,1.0001,8.1659,8.381,6.628,6.6322,7.7978,64.9575,13517,4.2292,51.305,1.3618,1115.5,30.184,33.12,22714,1.6868,22.0655,268.98,104.63,103.55,354.69,3.654,3.9878,59.2349,14.1504,3.8662,17.5209,3.2503,632.46,3020.13,19.0858,3.2464,0.377950013,3.511699915,0.708999991,0.302850008,0.385019988,3.641700029,3.750699997,3.673000097
Tu,11/7/2017,1,1.1587,114.01,1.3166,1.2777,0.7645,0.6901,0.9998,8.1714,8.3981,6.6405,6.641,7.8046,65.03,13514,4.2295,51.335,1.3641,1111.9,30.169,33.155,22716,1.688,22.0555,268.96,106.03,103.65,360.25,3.6625,3.9977,59.3528,14.2366,3.8865,17.6572,3.2731,634.44,3026.9,19.1499,3.2432,0.377950013,3.51699996,0.708999991,0.302830011,0.385019988,,3.751100063,3.673000097
Mo,11/6/2017,1,1.161,113.71,1.3171,1.2704,0.7691,0.6945,0.9974,8.1348,8.3979,6.6338,6.6251,7.8017,64.68,13523,4.2315,51.28,1.3615,1115.05,30.199,33.143,22736,1.6846,22.0175,267.86,106.04,103.55,360.33,3.65,3.9539,,14.0961,3.8291,,3.2526,633.26,,19.019,3.2389,0.377900004,3.507100105,0.708999991,0.30272001,0.385019988,,3.750200033,3.673000097
,,,,,,,,,,,,,,,,,,,,,,,,,,,,,,,,,,,,,,,,,,,,,,,,
Fr,11/3/2017,1,1.1608,114.07,1.3077,1.2764,0.765,0.6907,1.0007,8.1762,8.4337,6.639,6.6365,7.8029,64.5475,13498,4.2365,51.21,1.3649,1113.75,30.169,33.123,22712,1.6847,22.1229,267.76,106.29,103.64,355.02,3.6566,3.9578,59.069,14.224,3.8875,17.6448,3.3141,634.58,3038.8,19.2032,3.2435,0.377999991,3.510699987,,0.302749991,0.385019988,,3.750099897,3.673000097
Th,11/2/2017,1,1.1658,114.08,1.3059,1.2809,0.7713,0.6913,0.9994,8.1357,8.3948,6.6093,6.6068,7.8011,64.6113,13551,4.2308,51.41,1.3591,1114.35,30.18,33.118,22716,1.6779,22.0284,266.66,105.96,103.75,360.4,3.6321,3.9449,58.1698,13.9719,3.7973,17.5276,,629.89,3033.46,18.982,3.2385,0.377759993,3.50819993,0.708999991,0.302740008,0.385019988,3.641499996,3.750200033,3.673000097
We,11/1/2017,1,1.1619,114.18,1.3245,1.2865,0.7676,0.6886,1.0033,8.1499,8.4014,6.602,6.609,7.8002,64.5975,13580,4.2315,,1.361,1114.4,30.169,33.128,22718,1.6836,22.0098,267.68,106.36,103.75,355.85,3.6432,3.9619,58.2892,14.0651,3.813,17.6096,3.2667,636.45,3056.7,19.0716,,0.377200007,3.512799978,0.708999991,0.302650005,0.38499999,3.641400099,3.750099897,3.673000097
Tu,10/31/2017,1,1.1646,113.64,1.3283,1.2888,0.7656,0.6847,0.9976,8.1689,8.3776,6.635,6.6324,7.8011,64.7462,13563,4.232,,1.3628,1120.4,30.168,33.223,22711,1.6794,22.035,267.38,105.46,103.7,358.66,3.6398,3.9519,58.3302,14.1272,3.7915,17.6522,3.2713,635.33,3040.5,19.1466,3.2505,0.377249986,3.520499945,0.708999991,0.302569985,0.38499999,3.640799999,3.750099897,3.673000097
Mo,10/30/2017,1,1.1651,113.18,1.3208,1.2833,0.7688,0.6876,0.9943,8.1512,8.3534,6.6465,6.6369,7.799,64.8512,13584,4.2378,51.63,1.3608,1124.75,30.199,33.247,22723,1.6788,22.0289,267.04,104.97,103.65,359.49,3.6474,3.9475,57.9706,14.0573,3.7842,17.6957,3.2806,638.84,3011.57,19.2397,3.25,0.377270013,3.523499966,0.708999991,0.302740008,0.384990007,3.641400099,3.750099897,3.673000097
